,Country,Region,Happiness Rank,Happiness Score,Economy (GDP per Capita),Social Support,Health (Life Expectancy),Freedom,Trust (Government Corruption),Generosity,Other Reason,Year,PopMale,PopFemale,PopTotal,PopDensity
0,Finland,Western Europe,1,7.632,1.305,1.592,0.874,0.681,0.393,0.202,2.585,2018,2721.488,2801.097,5522.585,18.173
1,Norway,Western Europe,2,7.594,1.456,1.582,0.861,0.686,0.34,0.286,2.383,2018,2694.355,2643.605,5337.96,14.614
2,Denmark,Western Europe,3,7.555,1.351,1.59,0.868,0.683,0.408,0.284,2.371,2018,2860.293,2891.838,5752.131,135.568
3,Iceland,Western Europe,4,7.495,1.343,1.644,0.914,0.677,0.138,0.353,2.426,2018,168.99,167.722,336.712,3.359
4,Switzerland,Western Europe,5,7.487,1.42,1.549,0.927,0.66,0.357,0.256,2.318,2018,4226.392,4299.222,8525.614,215.751
5,Netherlands,Western Europe,6,7.441,1.361,1.488,0.878,0.638,0.295,0.333,2.448,2018,8492.088,8567.472,17059.56,505.918
6,Canada,North America,7,7.328,1.33,1.532,0.896,0.653,0.291,0.321,2.305,2018,18392.121,18682.437,37074.558,4.077
7,New Zealand,Australia and New Zealand,8,7.324,1.268,1.601,0.876,0.669,0.389,0.365,2.156,2018,2331.829,2411.302,4743.131,18.013
8,Sweden,Western Europe,9,7.314,1.355,1.501,0.913,0.659,0.383,0.285,2.218,2018,4991.222,4980.408,9971.63,24.301
9,Australia,Australia and New Zealand,10,7.272,1.34,1.573,0.91,0.647,0.302,0.361,2.139,2018,12399.374,12498.779,24898.153,3.241
10,United Kingdom,Western Europe,11,7.19,1.244,1.433,0.888,0.464,0.082,0.262,2.817,2018,33144.305,33997.373,67141.678,277.525
11,Austria,Western Europe,12,7.139,1.341,1.504,0.891,0.617,0.224,0.242,2.32,2018,4371.944,4519.439,8891.383,107.893
12,Costa Rica,Latin America and Caribbean,13,7.072,1.01,1.459,0.817,0.632,0.101,0.143,2.91,2018,2499.229,2500.214,4999.443,97.913
13,Ireland,Western Europe,14,6.977,1.448,1.583,0.876,0.614,0.306,0.307,1.843,2018,2388.843,2429.851,4818.694,69.948
14,Germany,Western Europe,15,6.965,1.34,1.474,0.861,0.586,0.28,0.273,2.151,2018,41013.28,42111.133,83124.413,238.479
15,Belgium,Western Europe,16,6.927,1.324,1.483,0.894,0.583,0.24,0.188,2.215,2018,5672.964,5809.216,11482.18,379.2
16,Luxembourg,Western Europe,17,6.91,1.576,1.52,0.896,0.632,0.321,0.196,1.769,2018,304.906,299.338,604.244,233.299
17,United States of America,North America,18,6.886,1.398,1.471,0.819,0.547,0.133,0.291,2.227,2018,161847.183,165249.08,327096.263,35.758
18,Israel,Middle East and Northern Africa,19,6.814,1.301,1.559,0.883,0.533,0.272,0.354,1.912,2018,4165.766,4215.741,8381.507,387.315
19,Czechia,Central and Eastern Europe,21,6.711,1.233,1.489,0.854,0.543,0.034,0.064,2.494,2018,5246.598,5419.081,10665.679,138.085
20,Malta,Western Europe,22,6.627,1.27,1.525,0.884,0.645,0.142,0.376,1.785,2018,220.184,219.071,439.255,1372.672
21,France,Western Europe,23,6.489,1.293,1.466,0.908,0.52,0.176,0.098,2.028,2018,31465.65,33524.862,64990.512,118.692
22,Mexico,Latin America and Caribbean,24,6.488,1.038,1.252,0.761,0.479,0.095,0.069,2.794,2018,61720.819,64469.963,126190.782,64.915
23,Chile,Latin America and Caribbean,25,6.476,1.131,1.331,0.808,0.431,0.061,0.197,2.517,2018,9228.416,9500.75,18729.166,25.189
24,"China, Taiwan Province of China",Eastern Asia,26,6.441,1.365,1.436,0.857,0.418,0.078,0.151,2.136,2018,11812.166,11914.294,23726.46,670.05
25,Panama,Latin America and Caribbean,27,6.43,1.112,1.438,0.759,0.597,0.063,0.125,2.336,2018,2092.386,2084.482,4176.868,56.186
26,Brazil,Latin America and Caribbean,28,6.419,0.986,1.474,0.675,0.493,0.088,0.11,2.593,2018,102996.239,106473.081,209469.32,25.062
27,Argentina,Latin America and Caribbean,29,6.388,1.073,1.468,0.744,0.57,0.054,0.062,2.417,2018,21631.673,22729.477,44361.15,16.21
28,Guatemala,Latin America and Caribbean,30,6.382,0.781,1.268,0.608,0.604,0.071,0.179,2.871,2018,8492.956,8754.899,17247.855,160.954
29,Uruguay,Latin America and Caribbean,31,6.379,1.093,1.459,0.771,0.625,0.155,0.13,2.146,2018,1665.264,1784.026,3449.29,19.708
30,Qatar,Middle East and Northern Africa,32,6.374,1.649,1.303,0.748,0.654,0.171,0.256,1.593,2018,2100.301,681.381,2781.682,239.594
31,Saudi Arabia,Middle East and Northern Africa,33,6.371,1.379,1.331,0.633,0.509,0.127,0.098,2.294,2018,19397.336,14305.421,33702.757,15.678
32,Singapore,Southeastern Asia,34,6.343,1.529,1.451,1.008,0.631,0.457,0.261,1.006,2018,3013.585,2743.918,5757.503,8225.004
33,Malaysia,Southeastern Asia,35,6.322,1.161,1.258,0.669,0.356,0.059,0.311,2.508,2018,16212.181,15315.852,31528.033,95.961
34,Spain,Western Europe,36,6.31,1.251,1.538,0.965,0.449,0.074,0.142,1.891,2018,22927.764,23765.099,46692.863,93.61
35,Colombia,Latin America and Caribbean,37,6.26,0.96,1.439,0.635,0.531,0.039,0.099,2.557,2018,24370.78,25290.276,49661.056,44.76
36,Trinidad and Tobago,Latin America and Caribbean,38,6.192,1.223,1.492,0.564,0.575,0.019,0.171,2.148,2018,686.702,703.139,1389.841,270.924
37,Slovakia,Central and Eastern Europe,39,6.173,1.21,1.537,0.776,0.354,0.014,0.118,2.164,2018,2653.529,2799.488,5453.017,113.397
38,El Salvador,Latin America and Caribbean,40,6.167,0.806,1.231,0.639,0.461,0.082,0.065,2.883,2018,3010.428,3410.312,6420.74,309.881
39,Nicaragua,Latin America and Caribbean,41,6.141,0.668,1.319,0.7,0.527,0.128,0.208,2.591,2018,3186.671,3278.831,6465.502,53.727
40,Poland,Central and Eastern Europe,42,6.123,1.176,1.448,0.781,0.546,0.064,0.108,2,2018,18380.324,19541.261,37921.585,123.834
41,Bahrain,Middle East and Northern Africa,43,6.105,1.338,1.366,0.698,0.594,0.123,0.243,1.743,2018,998.976,570.464,1569.44,2065.053
42,Uzbekistan,Central and Eastern Europe,44,6.096,0.719,1.584,0.605,0.724,0.259,0.328,1.877,2018,16193.507,16282.725,32476.232,76.343
43,Kuwait,Middle East and Northern Africa,45,6.083,1.474,1.301,0.675,0.554,0.106,0.167,1.806,2018,2501.082,1636.232,4137.314,232.173
44,Thailand,Southeastern Asia,46,6.072,1.016,1.417,0.707,0.637,0.029,0.364,1.902,2018,33833.385,35595.069,69428.454,135.897
45,Italy,Western Europe,47,6,1.264,1.501,0.946,0.281,0.028,0.137,1.843,2018,29479.008,31148.283,60627.291,206.117
46,Ecuador,Latin America and Caribbean,48,5.973,0.889,1.33,0.736,0.556,0.12,0.114,2.228,2018,8547.198,8537.161,17084.359,68.789
47,Belize,Latin America and Caribbean,49,5.956,0.807,1.101,0.474,0.593,0.089,0.183,2.709,2018,190.798,192.273,383.071,16.794
48,Lithuania,Central and Eastern Europe,50,5.952,1.197,1.527,0.716,0.35,0.006,0.026,2.13,2018,1294.412,1506.858,2801.27,44.696
49,Slovenia,Central and Eastern Europe,51,5.948,1.219,1.506,0.856,0.633,0.051,0.16,1.523,2018,1033.823,1044.013,2077.836,103.17
50,Romania,Central and Eastern Europe,52,5.945,1.116,1.219,0.726,0.528,0.001,0.088,2.267,2018,9490.943,10015.167,19506.11,84.747
51,Latvia,Central and Eastern Europe,53,5.933,1.148,1.454,0.671,0.363,0.066,0.092,2.139,2018,886.896,1041.565,1928.461,31.004
52,Japan,Eastern Asia,54,5.915,1.294,1.462,0.988,0.553,0.15,0.079,1.389,2018,62126.492,65075.698,127202.19,348.925
53,Mauritius,Sub-Saharan Africa,55,5.891,1.09,1.387,0.684,0.584,0.05,0.245,1.851,2018,626.279,640.905,1267.184,624.229
54,Jamaica,Latin America and Caribbean,56,5.89,0.819,1.493,0.693,0.575,0.031,0.096,2.183,2018,1457.453,1477.4,2934.853,270.993
55,Republic of Korea,Eastern Asia,57,5.875,1.266,1.204,0.955,0.244,0.051,0.175,1.98,2018,25628.383,25543.317,51171.7,526.295
56,Cyprus,Western Europe,58,5.835,1.229,1.211,0.909,0.495,0.154,0.179,1.658,2018,594.975,594.287,1189.262,128.708
57,Russian Federation,Central and Eastern Europe,59,5.81,1.151,1.479,0.599,0.399,0.025,0.065,2.092,2018,67530.583,78203.451,145734.034,8.899
58,Kazakhstan,Central and Eastern Europe,60,5.79,1.143,1.516,0.631,0.454,0.121,0.148,1.777,2018,8882.91,9436.706,18319.616,6.786
59,Cyprus,Western Europe,61,5.762,1.229,1.191,0.909,0.423,0.035,0.202,1.773,2018,594.975,594.287,1189.262,128.708
60,Bolivia (Plurinational State of),Latin America and Caribbean,62,5.752,0.751,1.223,0.508,0.606,0.054,0.141,2.469,2018,5701.161,5651.979,11353.14,10.48
61,Estonia,Central and Eastern Europe,63,5.739,1.2,1.532,0.737,0.553,0.174,0.086,1.457,2018,623.642,699.271,1322.913,31.208
62,Paraguay,Latin America and Caribbean,64,5.681,0.835,1.522,0.615,0.541,0.074,0.162,1.932,2018,3537.049,3419.02,6956.069,17.508
63,Peru,Latin America and Caribbean,65,5.663,0.934,1.249,0.674,0.53,0.034,0.092,2.15,2018,15886.587,16102.678,31989.265,24.992
65,Republic of Moldova,Central and Eastern Europe,67,5.64,0.657,1.301,0.62,0.232,0,0.171,2.659,2018,1943.495,2108.455,4051.95,123.347
66,Turkmenistan,Central and Eastern Europe,68,5.636,1.016,1.533,0.517,0.417,0.037,0.199,1.917,2018,2880.941,2969.961,5850.902,12.451
67,Hungary,Central and Eastern Europe,69,5.62,1.171,1.401,0.732,0.259,0.022,0.061,1.974,2018,4617.623,5089.879,9707.502,107.23
68,Libya,Middle East and Northern Africa,70,5.566,0.985,1.35,0.553,0.496,0.148,0.116,1.918,2018,3373.758,3304.807,6678.565,3.796
69,Philippines,Southeastern Asia,71,5.524,0.775,1.312,0.513,0.643,0.105,0.12,2.056,2018,53601.223,53050.171,106651.394,357.687
70,Honduras,Latin America and Caribbean,72,5.504,0.62,1.205,0.622,0.459,0.074,0.197,2.327,2018,4789.031,4798.492,9587.523,85.687
71,Belarus,Central and Eastern Europe,73,5.483,1.039,1.498,0.7,0.307,0.154,0.101,1.684,2018,4399.62,5052.995,9452.615,46.585
72,Turkey,Middle East and Northern Africa,74,5.483,1.148,1.38,0.686,0.324,0.109,0.106,1.73,2018,40611.933,41728.157,82340.09,106.987
73,Pakistan,Southern Asia,75,5.472,0.652,0.81,0.424,0.334,0.113,0.216,2.923,2018,109216.763,103011.525,212228.288,275.307
74,"China, Hong Kong SAR",Eastern Asia,76,5.43,1.405,1.29,1.03,0.524,0.291,0.246,0.644,2018,3395.975,3975.753,7371.728,7020.693
75,Portugal,Western Europe,77,5.41,1.188,1.429,0.884,0.562,0.017,0.055,1.275,2018,4849.952,5406.24,10256.192,111.979
76,Serbia,Central and Eastern Europe,78,5.398,0.975,1.369,0.685,0.288,0.043,0.134,1.904,2018,4313.121,4489.62,8802.741,100.649
77,Greece,Western Europe,79,5.358,1.154,1.202,0.879,0.131,0.044,0,1.948,2018,5164.717,5357.527,10522.244,81.631
78,Lebanon,Middle East and Northern Africa,80,5.358,0.965,1.179,0.785,0.503,0.136,0.214,1.576,2018,3449.884,3409.524,6859.408,670.519
79,Montenegro,Central and Eastern Europe,81,5.347,1.017,1.279,0.729,0.259,0.081,0.111,1.871,2018,310.392,317.411,627.803,46.677
80,Croatia,Central and Eastern Europe,82,5.321,1.115,1.161,0.737,0.38,0.039,0.12,1.769,2018,2001.201,2155.206,4156.407,74.275
81,Dominican Republic,Latin America and Caribbean,83,5.302,0.982,1.441,0.614,0.578,0.106,0.12,1.461,2018,5312.745,5314.402,10627.147,219.933
82,Algeria,Middle East and Northern Africa,84,5.295,0.979,1.154,0.687,0.077,0.135,0.055,2.208,2018,21331.993,20896.422,42228.415,17.73
83,Morocco,Middle East and Northern Africa,85,5.254,0.779,0.797,0.669,0.46,0.074,0.026,2.449,2018,17869.042,18160.047,36029.089,80.728
84,China,Eastern Asia,86,5.246,0.989,1.142,0.799,0.597,0.103,0.029,1.587,2018,732677.783,694970.006,1427647.789,152.068
85,Azerbaijan,Central and Eastern Europe,87,5.201,1.024,1.161,0.603,0.43,0.176,0.031,1.776,2018,4963.252,4986.285,9949.537,120.37
86,Tajikistan,Central and Eastern Europe,88,5.199,0.474,1.166,0.598,0.292,0.034,0.187,2.448,2018,4588.298,4512.549,9100.847,65.025
87,North Macedonia,Central and Eastern Europe,89,5.185,0.959,1.239,0.691,0.394,0.052,0.173,1.677,2018,1042.177,1040.78,2082.957,82.591
88,Jordan,Middle East and Northern Africa,90,5.161,0.822,1.265,0.645,0.468,0.134,0.13,1.697,2018,5043.481,4921.841,9965.322,112.247
89,Nigeria,Sub-Saharan Africa,91,5.155,0.689,1.172,0.048,0.462,0.032,0.201,2.551,2018,99237.728,96636.957,195874.685,215.065
90,Kyrgyzstan,Central and Eastern Europe,92,5.131,0.53,1.416,0.594,0.54,0.035,0.281,1.735,2018,3118.925,3185.1,6304.025,32.868
91,Bosnia and Herzegovina,Central and Eastern Europe,93,5.129,0.915,1.078,0.758,0.28,0,0.216,1.882,2018,1628.375,1695.554,3323.929,65.175
92,Mongolia,Eastern Asia,94,5.125,0.914,1.517,0.575,0.395,0.032,0.253,1.439,2018,1563.881,1606.333,3170.214,2.041
93,Viet Nam,Southeastern Asia,95,5.103,0.715,1.365,0.702,0.618,0.079,0.177,1.447,2018,47680.864,47865.095,95545.959,308.143
94,Indonesia,Southeastern Asia,96,5.093,0.899,1.215,0.522,0.538,0.018,0.484,1.417,2018,134788.497,132882.052,267670.549,147.756
95,Bhutan,Southern Asia,97,5.082,0.796,1.335,0.527,0.541,0.171,0.364,1.348,2018,399.81,354.586,754.396,19.792
96,Somalia,Sub-Saharan Africa,98,4.982,0,0.712,0.115,0.674,0.282,0.238,2.961,2018,7484.099,7524.126,15008.225,23.924
97,Cameroon,Sub-Saharan Africa,99,4.975,0.535,0.891,0.182,0.454,0.043,0.183,2.687,2018,12607.251,12609.01,25216.261,53.344
98,Bulgaria,Central and Eastern Europe,100,4.933,1.054,1.515,0.712,0.359,0.009,0.064,1.22,2018,3426.089,3625.521,7051.61,64.956
99,Nepal,Southern Asia,101,4.88,0.425,1.228,0.539,0.526,0.078,0.302,1.782,2018,12773.619,15322.093,28095.712,195.994
100,Venezuela (Bolivarian Republic of),Latin America and Caribbean,102,4.806,0.996,1.469,0.657,0.133,0.052,0.056,1.443,2018,14260.628,14626.489,28887.117,32.75
101,Gabon,Sub-Saharan Africa,103,4.758,1.036,1.164,0.404,0.356,0.052,0.032,1.714,2018,1079.376,1039.899,2119.275,8.225
102,State of Palestine,Middle East and Northern Africa,104,4.743,0.642,1.217,0.602,0.266,0.076,0.086,1.854,2018,2466.617,2396.361,4862.978,807.804
103,South Africa,Sub-Saharan Africa,105,4.724,0.94,1.41,0.33,0.516,0.056,0.103,1.369,2018,28495.093,29297.427,57792.52,47.641
104,Iran (Islamic Republic of),Middle East and Northern Africa,106,4.707,1.059,0.771,0.691,0.459,0.129,0.282,1.316,2018,41358.895,40441.309,81800.204,50.229
105,Côte d'Ivoire,Sub-Saharan Africa,107,4.671,0.541,0.872,0.08,0.467,0.103,0.146,2.462,2018,12655.166,12414.06,25069.226,78.834
106,Ghana,Sub-Saharan Africa,108,4.657,0.592,0.896,0.337,0.499,0.029,0.212,2.092,2018,15084.235,14682.873,29767.108,130.821
107,Senegal,Sub-Saharan Africa,109,4.631,0.429,1.117,0.433,0.406,0.082,0.138,2.026,2018,7724.65,8129.674,15854.324,82.347
108,Lao People's Democratic Republic,Southeastern Asia,110,4.623,0.72,1.034,0.441,0.626,0.174,0.23,1.398,2018,3545.623,3515.875,7061.498,30.596
109,Tunisia,Middle East and Northern Africa,111,4.592,0.9,0.906,0.69,0.271,0.063,0.04,1.722,2018,5732.044,5833.159,11565.203,74.441
110,Albania,Central and Eastern Europe,112,4.586,0.916,0.817,0.79,0.419,0.032,0.149,1.463,2018,1468.376,1414.359,2882.735,105.209
111,Sierra Leone,Sub-Saharan Africa,113,4.571,0.256,0.813,0,0.355,0.053,0.238,2.856,2018,3815.797,3834.352,7650.149,105.987
112,Congo,Sub-Saharan Africa,114,4.559,0.682,0.811,0.343,0.514,0.077,0.091,2.041,2018,2618.741,2625.622,5244.363,15.357
113,Bangladesh,Southern Asia,115,4.5,0.532,0.85,0.579,0.58,0.144,0.153,1.662,2018,81677.117,79699.596,161376.713,1239.738
114,Sri Lanka,Southern Asia,116,4.471,0.918,1.314,0.672,0.585,0.05,0.307,0.625,2018,10196.849,11031.911,21228.76,338.523
115,Iraq,Middle East and Northern Africa,117,4.456,1.01,0.971,0.536,0.304,0.095,0.148,1.392,2018,19444.067,18989.537,38433.604,88.491
116,Mali,Sub-Saharan Africa,118,4.447,0.37,1.233,0.152,0.367,0.056,0.139,2.13,2018,9550.134,9527.621,19077.755,15.635
117,Namibia,Sub-Saharan Africa,119,4.441,0.874,1.281,0.365,0.519,0.064,0.051,1.287,2018,1186.111,1262.189,2448.3,2.974
118,Cambodia,Southeastern Asia,120,4.433,0.549,1.088,0.457,0.696,0.065,0.256,1.322,2018,7930.228,8319.567,16249.795,92.056
119,Burkina Faso,Sub-Saharan Africa,121,4.424,0.314,1.097,0.254,0.312,0.128,0.175,2.144,2018,9856.874,9894.592,19751.466,72.191
120,Egypt,Middle East and Northern Africa,122,4.419,0.885,1.025,0.553,0.312,0.107,0.092,1.445,2018,49733.474,48690.128,98423.602,98.873
121,Mozambique,Sub-Saharan Africa,123,4.417,0.198,0.902,0.173,0.531,0.158,0.206,2.249,2018,14312.882,15183.127,29496.009,37.509
122,Kenya,Sub-Saharan Africa,124,4.41,0.493,1.048,0.454,0.504,0.055,0.352,1.504,2018,25533.874,25858.696,51392.57,90.299
123,Zambia,Sub-Saharan Africa,125,4.377,0.562,1.047,0.295,0.503,0.082,0.221,1.667,2018,8590.277,8761.437,17351.714,23.341
124,Mauritania,Sub-Saharan Africa,126,4.356,0.557,1.245,0.292,0.129,0.093,0.134,1.906,2018,2209.465,2193.847,4403.312,4.272
125,Ethiopia,Sub-Saharan Africa,127,4.35,0.308,0.95,0.391,0.452,0.146,0.22,1.883,2018,54635.264,54589.146,109224.41,109.224
126,Georgia,Central and Eastern Europe,128,4.34,0.853,0.592,0.643,0.375,0.215,0.038,1.624,2018,1909.756,2093.19,4002.946,57.605
127,Armenia,Central and Eastern Europe,129,4.321,0.816,0.99,0.666,0.26,0.028,0.077,1.484,2018,1388.6,1563.141,2951.741,103.679
128,Myanmar,Southeastern Asia,130,4.308,0.682,1.174,0.429,0.58,0.178,0.598,0.667,2018,25883.168,27825.15,53708.318,82.212
129,Chad,Sub-Saharan Africa,131,4.301,0.358,0.907,0.053,0.189,0.06,0.181,2.553,2018,7725.723,7752.004,15477.727,12.292
130,Democratic Republic of the Congo,Sub-Saharan Africa,132,4.245,0.069,1.136,0.204,0.312,0.052,0.197,2.275,2018,41951.875,42116.217,84068.092,37.083
131,India,Southern Asia,133,4.19,0.721,0.747,0.485,0.539,0.093,0.172,1.433,2018,703055.58,649586.703,1352642.283,454.946
132,Niger,Sub-Saharan Africa,134,4.166,0.131,0.867,0.221,0.39,0.099,0.175,2.283,2018,11272.809,11170.022,22442.831,17.718
133,Uganda,Sub-Saharan Africa,135,4.161,0.322,1.09,0.237,0.45,0.061,0.259,1.742,2018,21032.905,21696.127,42729.032,213.848
134,Benin,Sub-Saharan Africa,136,4.141,0.378,0.372,0.24,0.44,0.067,0.163,2.481,2018,5731.239,5753.796,11485.035,101.854
135,Sudan,Sub-Saharan Africa,137,4.139,0.605,1.24,0.312,0.016,0.082,0.134,1.75,2018,20880.946,20920.586,41801.532,23.683
136,Ukraine,Central and Eastern Europe,138,4.103,0.793,1.413,0.609,0.163,0.011,0.187,0.927,2018,20491.391,23754.767,44246.158,76.376
137,Togo,Sub-Saharan Africa,139,3.999,0.259,0.474,0.253,0.434,0.101,0.158,2.32,2018,3923.401,3965.694,7889.095,145.047
138,Guinea,Sub-Saharan Africa,140,3.964,0.344,0.792,0.211,0.394,0.094,0.185,1.944,2018,5981.068,6433.224,12414.292,50.522
139,Lesotho,Sub-Saharan Africa,141,3.808,0.472,1.215,0.079,0.423,0.112,0.116,1.391,2018,1039.049,1069.278,2108.327,69.444
140,Angola,Sub-Saharan Africa,142,3.795,0.73,1.125,0.269,0,0.061,0.079,1.531,2018,15241.459,15568.328,30809.787,24.713
141,Madagascar,Sub-Saharan Africa,143,3.774,0.262,0.908,0.402,0.221,0.049,0.155,1.777,2018,13098.6,13163.713,26262.313,45.14
142,Zimbabwe,Sub-Saharan Africa,144,3.692,0.357,1.094,0.248,0.406,0.099,0.132,1.356,2018,6879.119,7559.693,14438.812,37.324
143,Afghanistan,Southern Asia,145,3.632,0.332,0.537,0.255,0.085,0.036,0.191,2.196,2018,19093.043,18078.879,37171.922,56.937
144,Botswana,Sub-Saharan Africa,146,3.59,1.017,1.174,0.417,0.557,0.092,0.042,0.291,2018,1088.021,1166.046,2254.067,3.977
145,Malawi,Sub-Saharan Africa,147,3.587,0.186,0.541,0.306,0.531,0.08,0.21,1.733,2018,8944.33,9198.885,18143.215,192.44
146,Haiti,Latin America and Caribbean,148,3.582,0.315,0.714,0.289,0.025,0.104,0.392,1.743,2018,5489.045,5634.138,11123.183,403.599
147,Liberia,Sub-Saharan Africa,149,3.495,0.076,0.858,0.267,0.419,0.03,0.206,1.639,2018,2420.654,2398.322,4818.976,50.031
148,Syrian Arab Republic,Middle East and Northern Africa,150,3.462,0.689,0.382,0.539,0.088,0.144,0.376,1.244,2018,8504.013,8441.049,16945.062,92.278
149,Rwanda,Sub-Saharan Africa,151,3.408,0.332,0.896,0.4,0.636,0.444,0.2,0.5,2018,6045.057,6256.912,12301.969,498.661
150,Yemen,Middle East and Northern Africa,152,3.355,0.442,1.073,0.343,0.244,0.064,0.083,1.106,2018,14360.014,14138.669,28498.683,53.978
151,United Republic of Tanzania,Sub-Saharan Africa,153,3.303,0.455,0.991,0.381,0.481,0.097,0.27,0.628,2018,28127.996,28185.448,56313.444,63.574
152,South Sudan,Sub-Saharan Africa,154,3.254,0.337,0.608,0.177,0.112,0.106,0.224,1.69,2018,5492.758,5483.166,10975.924,17.965
153,Central African Republic,Sub-Saharan Africa,155,3.083,0.024,0,0.01,0.305,0.038,0.218,2.488,2018,2312.82,2353.555,4666.375,7.49
154,Burundi,Sub-Saharan Africa,156,2.905,0.091,0.627,0.145,0.065,0.076,0.149,1.752,2018,5540.53,5634.849,11175.379,435.178
155,Finland,Western Europe,1,7.769,1.34,1.587,0.986,0.596,0.393,0.153,2.714,2019,2727.21,2804.949,5532.159,18.204
156,Denmark,Western Europe,2,7.6,1.383,1.573,0.996,0.592,0.41,0.252,2.394,2019,2869.672,2902.205,5771.877,136.033
157,Norway,Western Europe,3,7.554,1.488,1.582,1.028,0.603,0.341,0.271,2.241,2019,2716.812,2662.047,5378.859,14.726
158,Iceland,Western Europe,4,7.494,1.38,1.624,1.026,0.591,0.118,0.354,2.401,2019,170.23,168.807,339.037,3.382
159,Netherlands,Western Europe,5,7.488,1.396,1.522,0.999,0.557,0.298,0.322,2.394,2019,8514.835,8582.288,17097.123,507.032
160,Switzerland,Western Europe,6,7.48,1.452,1.526,1.052,0.572,0.343,0.263,2.272,2019,4260.661,4330.7,8591.361,217.415
161,Sweden,Western Europe,7,7.343,1.387,1.487,1.009,0.574,0.373,0.267,2.246,2019,5025.597,5010.794,10036.391,24.459
162,New Zealand,Australia and New Zealand,8,7.307,1.303,1.557,1.026,0.585,0.38,0.33,2.126,2019,2351.162,2431.9,4783.062,18.165
163,Canada,North America,9,7.278,1.365,1.505,1.039,0.584,0.308,0.285,2.192,2019,18563.538,18847.5,37411.038,4.114
164,Austria,Western Europe,10,7.246,1.376,1.475,1.016,0.532,0.226,0.244,2.377,2019,4409.38,4545.728,8955.108,108.667
165,Australia,Australia and New Zealand,11,7.228,1.372,1.548,1.036,0.557,0.29,0.332,2.093,2019,12551.311,12651.889,25203.2,3.281
166,Costa Rica,Latin America and Caribbean,12,7.167,1.034,1.441,0.963,0.558,0.093,0.144,2.934,2019,2522.539,2525.022,5047.561,98.855
167,Israel,Middle East and Northern Africa,13,7.139,1.276,1.455,1.029,0.371,0.082,0.261,2.665,2019,4237.327,4282.046,8519.373,393.686
168,Luxembourg,Western Europe,14,7.09,1.609,1.479,1.012,0.526,0.316,0.194,1.954,2019,311.11,304.62,615.73,237.734
169,United Kingdom,Western Europe,15,7.054,1.333,1.538,0.996,0.45,0.278,0.348,2.111,2019,33351.435,34178.726,67530.161,279.131
170,Ireland,Western Europe,16,7.021,1.499,1.553,0.999,0.516,0.31,0.298,1.846,2019,2422.418,2460.08,4882.498,70.874
171,Germany,Western Europe,17,6.985,1.373,1.454,0.987,0.495,0.265,0.261,2.15,2019,41249.115,42267.931,83517.046,239.606
172,Belgium,Western Europe,18,6.923,1.356,1.504,0.986,0.473,0.21,0.16,2.234,2019,5711.479,5827.847,11539.326,381.087
173,United States of America,North America,19,6.892,1.433,1.457,0.874,0.454,0.128,0.28,2.266,2019,162826.299,166238.618,329064.917,35.974
174,Czechia,Central and Eastern Europe,20,6.852,1.269,1.487,0.92,0.457,0.036,0.046,2.637,2019,5260.628,5428.585,10689.213,138.39
175,United Arab Emirates,Middle East and Northern Africa,21,6.825,1.503,1.31,0.825,0.598,0.182,0.262,2.145,2019,6766.806,3003.72,9770.526,116.872
176,Malta,Western Europe,22,6.726,1.3,1.52,0.999,0.564,0.151,0.375,1.817,2019,220.783,219.594,440.377,1376.178
177,Mexico,Latin America and Caribbean,23,6.595,1.07,1.323,0.861,0.433,0.073,0.074,2.761,2019,62403.393,65172.136,127575.529,65.627
178,France,Western Europe,24,6.592,1.324,1.472,1.045,0.436,0.183,0.111,2.021,2019,31524.494,33605.237,65129.731,118.946
179,"China, Taiwan Province of China",Eastern Asia,25,6.446,1.368,1.43,0.914,0.351,0.097,0.242,2.044,2019,11824.123,11949.758,23773.881,671.389
180,Chile,Latin America and Caribbean,26,6.444,1.159,1.369,0.92,0.357,0.056,0.187,2.396,2019,9341.774,9610.261,18952.035,25.489
181,Guatemala,Latin America and Caribbean,27,6.436,0.8,1.269,0.746,0.535,0.078,0.175,2.833,2019,8659.95,8921.526,17581.476,164.068
182,Saudi Arabia,Middle East and Northern Africa,28,6.375,1.403,1.357,0.795,0.439,0.132,0.08,2.169,2019,19783.532,14484.997,34268.529,15.941
183,Qatar,Middle East and Northern Africa,29,6.374,1.684,1.313,0.871,0.555,0.167,0.22,1.564,2019,2133.521,698.55,2832.071,243.934
184,Spain,Western Europe,30,6.354,1.286,1.484,1.062,0.362,0.079,0.153,1.928,2019,22960.648,23776.134,46736.782,93.698
185,Panama,Latin America and Caribbean,31,6.321,1.149,1.442,0.91,0.516,0.054,0.109,2.141,2019,2126.434,2120.006,4246.44,57.122
186,Brazil,Latin America and Caribbean,32,6.3,1.004,1.439,0.802,0.39,0.086,0.099,2.48,2019,103733.16,107316.359,211049.519,25.251
187,Uruguay,Latin America and Caribbean,33,6.293,1.124,1.465,0.891,0.523,0.15,0.127,2.013,2019,1671.889,1789.842,3461.731,19.779
188,Singapore,Southeastern Asia,34,6.262,1.572,1.463,1.141,0.556,0.453,0.271,0.806,2019,3038.226,2766.117,5804.343,8291.919
189,El Salvador,Latin America and Caribbean,35,6.253,0.794,1.242,0.789,0.43,0.074,0.093,2.831,2019,3023.353,3430.197,6453.55,311.465
190,Italy,Western Europe,36,6.223,1.294,1.488,1.039,0.231,0.03,0.158,1.983,2019,29461.035,31089.057,60550.092,205.855
191,Bahrain,Middle East and Northern Africa,37,6.199,1.362,1.368,0.871,0.536,0.11,0.255,1.697,2019,1054.797,586.367,1641.164,2159.426
192,Slovakia,Central and Eastern Europe,38,6.198,1.246,1.504,0.881,0.334,0.014,0.121,2.098,2019,2656.513,2800.499,5457.012,113.48
193,Trinidad and Tobago,Latin America and Caribbean,39,6.192,1.231,1.477,0.713,0.489,0.016,0.185,2.081,2019,688.982,705.987,1394.969,271.924
194,Poland,Central and Eastern Europe,40,6.182,1.206,1.438,0.884,0.483,0.05,0.117,2.004,2019,18360.539,19527.232,37887.771,123.723
195,Uzbekistan,Central and Eastern Europe,41,6.174,0.745,1.529,0.756,0.631,0.24,0.322,1.951,2019,16450.116,16531.599,32981.715,77.531
196,Lithuania,Central and Eastern Europe,42,6.149,1.238,1.515,0.818,0.291,0.042,0.043,2.202,2019,1276.477,1483.154,2759.631,44.032
197,Colombia,Latin America and Caribbean,43,6.125,0.985,1.41,0.841,0.47,0.034,0.099,2.286,2019,24713.193,25626.25,50339.443,45.371
198,Slovenia,Central and Eastern Europe,44,6.118,1.258,1.523,0.953,0.564,0.057,0.144,1.619,2019,1034.684,1043.97,2078.654,103.21
199,Nicaragua,Latin America and Caribbean,45,6.105,0.694,1.325,0.835,0.435,0.127,0.2,2.489,2019,3225.984,3319.519,6545.503,54.392
201,Argentina,Latin America and Caribbean,47,6.086,1.092,1.432,0.881,0.471,0.05,0.066,2.094,2019,21841.415,22939.26,44780.675,16.363
202,Romania,Central and Eastern Europe,48,6.07,1.162,1.232,0.825,0.462,0.005,0.083,2.301,2019,9418.287,9946.271,19364.558,84.132
203,Cyprus,Western Europe,49,6.046,1.263,1.223,1.042,0.406,0.041,0.19,1.881,2019,599.297,599.277,1198.574,129.716
204,Ecuador,Latin America and Caribbean,50,6.028,0.912,1.312,0.868,0.498,0.087,0.126,2.225,2019,8690.487,8683.17,17373.657,69.954
205,Kuwait,Middle East and Northern Africa,51,6.021,1.5,1.319,0.808,0.493,0.097,0.142,1.662,2019,2563.055,1644.022,4207.077,236.087
206,Thailand,Southeastern Asia,52,6.008,1.05,1.409,0.828,0.557,0.028,0.359,1.777,2019,33904.846,35720.735,69625.581,136.283
207,Latvia,Central and Eastern Europe,53,5.94,1.187,1.465,0.812,0.264,0.064,0.075,2.073,2019,877.948,1028.792,1906.74,30.655
208,Republic of Korea,Eastern Asia,54,5.895,1.301,1.219,1.036,0.159,0.056,0.175,1.949,2019,25649.457,25575.864,51225.321,526.847
209,Estonia,Central and Eastern Europe,55,5.893,1.237,1.528,0.874,0.495,0.161,0.103,1.495,2019,626.626,699.023,1325.649,31.273
210,Jamaica,Latin America and Caribbean,56,5.89,0.831,1.478,0.831,0.49,0.028,0.107,2.125,2019,1463.72,1484.557,2948.277,272.232
211,Mauritius,Sub-Saharan Africa,57,5.888,1.12,1.402,0.798,0.498,0.06,0.215,1.795,2019,626.971,642.699,1269.67,625.453
212,Japan,Eastern Asia,58,5.886,1.327,1.419,1.088,0.445,0.14,0.069,1.398,2019,61950.31,64909.989,126860.299,347.987
213,Honduras,Latin America and Caribbean,59,5.86,0.642,1.236,0.828,0.507,0.078,0.246,2.323,2019,4868.994,4877.121,9746.115,87.104
214,Kazakhstan,Central and Eastern Europe,60,5.809,1.173,1.508,0.729,0.41,0.096,0.146,1.747,2019,8999.754,9551.674,18551.428,6.872
215,Bolivia (Plurinational State of),Latin America and Caribbean,61,5.779,0.776,1.209,0.706,0.511,0.064,0.137,2.376,2019,5779.611,5733.491,11513.102,10.628
216,Hungary,Central and Eastern Europe,62,5.758,1.201,1.41,0.828,0.199,0.02,0.081,2.019,2019,4608.25,5076.43,9684.68,106.978
217,Paraguay,Latin America and Caribbean,63,5.743,0.855,1.475,0.777,0.514,0.08,0.184,1.858,2019,3580.888,3463.751,7044.639,17.731
218,Cyprus,Western Europe,64,5.718,1.263,1.252,1.042,0.417,0.162,0.191,1.391,2019,599.297,599.277,1198.574,129.716
219,Peru,Latin America and Caribbean,65,5.697,0.96,1.274,0.854,0.455,0.027,0.083,2.044,2019,16148.241,16362.221,32510.462,25.399
220,Portugal,Western Europe,66,5.693,1.221,1.431,0.999,0.508,0.025,0.047,1.462,2019,4836.674,5389.504,10226.178,111.652
221,Pakistan,Southern Asia,67,5.653,0.677,0.886,0.535,0.313,0.098,0.22,2.924,2019,111447.581,105117.736,216565.317,280.933
222,Russian Federation,Central and Eastern Europe,68,5.648,1.183,1.452,0.726,0.334,0.031,0.082,1.84,2019,67602.94,78269.32,145872.26,8.907
223,Philippines,Southeastern Asia,69,5.631,0.807,1.293,0.657,0.558,0.107,0.117,2.092,2019,54316.072,53800.55,108116.622,362.601
224,Serbia,Central and Eastern Europe,70,5.603,1.004,1.383,0.854,0.282,0.039,0.137,1.904,2019,4297.444,4474.784,8772.228,100.3
225,Republic of Moldova,Central and Eastern Europe,71,5.529,0.685,1.328,0.739,0.245,0,0.181,2.351,2019,1937.848,2105.41,4043.258,123.082
226,Libya,Middle East and Northern Africa,72,5.525,1.044,1.303,0.673,0.416,0.152,0.133,1.804,2019,3422.619,3354.834,6777.453,3.852
227,Montenegro,Central and Eastern Europe,73,5.523,1.051,1.361,0.871,0.197,0.08,0.142,1.821,2019,310.506,317.482,627.988,46.691
228,Tajikistan,Central and Eastern Europe,74,5.467,0.493,1.098,0.718,0.389,0.144,0.23,2.395,2019,4697.953,4623.07,9321.023,66.598
229,Croatia,Central and Eastern Europe,75,5.432,1.155,1.266,0.914,0.296,0.022,0.119,1.66,2019,1990.015,2140.284,4130.299,73.808
230,"China, Hong Kong SAR",Eastern Asia,76,5.43,1.438,1.277,1.122,0.44,0.287,0.258,0.608,2019,3418.487,4017.67,7436.157,7082.054
231,Dominican Republic,Latin America and Caribbean,77,5.425,1.015,1.401,0.779,0.497,0.101,0.113,1.519,2019,5366.198,5372.759,10738.957,222.247
232,Bosnia and Herzegovina,Central and Eastern Europe,78,5.386,0.945,1.212,0.845,0.212,0.006,0.263,1.903,2019,1616.799,1684.199,3300.998,64.725
233,Turkey,Middle East and Northern Africa,79,5.373,1.183,1.36,0.808,0.195,0.106,0.083,1.638,2019,41173.709,42255.898,83429.607,108.402
234,Malaysia,Southeastern Asia,80,5.339,1.221,1.171,0.828,0.508,0.024,0.26,1.327,2019,16423.164,15526.625,31949.789,97.245
235,Belarus,Central and Eastern Europe,81,5.323,1.067,1.465,0.789,0.235,0.142,0.094,1.531,2019,4399.913,5052.496,9452.409,46.584
236,Greece,Western Europe,82,5.287,1.181,1.156,0.999,0.067,0.034,0,1.85,2019,5140.52,5332.932,10473.452,81.253
237,Mongolia,Eastern Asia,83,5.285,0.948,1.531,0.667,0.317,0.038,0.235,1.549,2019,1589.932,1635.234,3225.166,2.076
238,North Macedonia,Central and Eastern Europe,84,5.274,0.983,1.294,0.838,0.345,0.034,0.185,1.595,2019,1042.305,1041.153,2083.458,82.611
239,Nigeria,Sub-Saharan Africa,85,5.265,0.696,1.111,0.245,0.426,0.041,0.215,2.531,2019,101831.874,99131.729,200963.603,220.652
240,Kyrgyzstan,Central and Eastern Europe,86,5.261,0.551,1.438,0.723,0.508,0.023,0.3,1.718,2019,3173.902,3241.949,6415.851,33.451
241,Turkmenistan,Central and Eastern Europe,87,5.247,1.052,1.538,0.657,0.394,0.028,0.244,1.334,2019,2925.688,3016.406,5942.094,12.645
242,Algeria,Middle East and Northern Africa,88,5.211,1.002,1.16,0.785,0.086,0.114,0.073,1.991,2019,21749.666,21303.388,43053.054,18.076
243,Morocco,Middle East and Northern Africa,89,5.208,0.801,0.782,0.782,0.418,0.076,0.036,2.313,2019,18093.063,18378.703,36471.766,81.72
244,Azerbaijan,Central and Eastern Europe,90,5.208,1.043,1.147,0.769,0.351,0.182,0.035,1.681,2019,5015.834,5031.885,10047.719,121.558
245,Lebanon,Middle East and Northern Africa,91,5.197,0.987,1.224,0.815,0.216,0.027,0.166,1.762,2019,3449.246,3406.463,6855.709,670.157
246,Indonesia,Southeastern Asia,92,5.192,0.931,1.203,0.66,0.491,0.028,0.498,1.381,2019,136269.761,134355.806,270625.567,149.387
247,China,Eastern Asia,93,5.191,1.029,1.125,0.893,0.521,0.1,0.058,1.465,2019,735624.259,698159.433,1433783.692,152.722
248,Viet Nam,Southeastern Asia,94,5.175,0.741,1.346,0.851,0.543,0.073,0.147,1.474,2019,48151.352,48310.756,96462.108,311.098
249,Bhutan,Southern Asia,95,5.082,0.813,1.321,0.604,0.457,0.167,0.37,1.35,2019,405.032,358.062,763.094,20.02
250,Cameroon,Sub-Saharan Africa,96,5.044,0.549,0.91,0.331,0.381,0.037,0.187,2.649,2019,12939.928,12936.459,25876.387,54.741
251,Bulgaria,Central and Eastern Europe,97,5.011,1.092,1.513,0.815,0.311,0.004,0.081,1.195,2019,3400.054,3600.063,7000.117,64.482
252,Ghana,Sub-Saharan Africa,98,4.996,0.611,0.868,0.486,0.381,0.04,0.245,2.365,2019,15416.086,15001.772,30417.858,133.681
253,Côte d'Ivoire,Sub-Saharan Africa,99,4.944,0.569,0.808,0.232,0.352,0.09,0.154,2.739,2019,12974.206,12742.348,25716.554,80.87
254,Nepal,Southern Asia,100,4.913,0.446,1.226,0.677,0.439,0.089,0.285,1.751,2019,13046.953,15561.762,28608.715,199.572
255,Jordan,Middle East and Northern Africa,101,4.906,0.837,1.225,0.815,0.383,0.13,0.11,1.406,2019,5113.215,4988.482,10101.697,113.783
256,Benin,Sub-Saharan Africa,102,4.883,0.393,0.437,0.397,0.349,0.082,0.175,3.05,2019,5891.256,5909.895,11801.151,104.657
257,Congo,Sub-Saharan Africa,103,4.812,0.673,0.799,0.508,0.372,0.093,0.105,2.262,2019,2687.358,2693.146,5380.504,15.756
258,Gabon,Sub-Saharan Africa,104,4.799,1.057,1.183,0.571,0.295,0.055,0.043,1.595,2019,1106.192,1066.386,2172.578,8.432
259,Lao People's Democratic Republic,Southeastern Asia,105,4.796,0.764,1.03,0.551,0.547,0.164,0.266,1.474,2019,3599.028,3570.428,7169.456,31.064
260,South Africa,Sub-Saharan Africa,106,4.722,0.96,1.351,0.469,0.389,0.055,0.13,1.368,2019,28859.302,29698.965,58558.267,48.272
261,Albania,Central and Eastern Europe,107,4.719,0.947,0.848,0.874,0.383,0.027,0.178,1.462,2019,1466.785,1414.128,2880.913,105.143
262,Venezuela (Bolivarian Republic of),Latin America and Caribbean,108,4.707,0.96,1.427,0.805,0.154,0.047,0.064,1.25,2019,14045.228,14470.601,28515.829,32.329
263,Cambodia,Southeastern Asia,109,4.7,0.574,1.122,0.637,0.609,0.062,0.232,1.464,2019,8047.364,8439.178,16486.542,93.398
264,State of Palestine,Middle East and Northern Africa,110,4.696,0.657,1.247,0.672,0.225,0.066,0.103,1.726,2019,2526.35,2455.072,4981.422,827.479
265,Senegal,Sub-Saharan Africa,111,4.681,0.45,1.134,0.571,0.292,0.072,0.153,2.009,2019,7946.433,8349.929,16296.362,84.643
266,Somalia,Sub-Saharan Africa,112,4.668,0,0.698,0.268,0.559,0.27,0.243,2.63,2019,7700.196,7742.71,15442.906,24.616
267,Namibia,Sub-Saharan Africa,113,4.639,0.879,1.313,0.477,0.401,0.056,0.07,1.443,2019,1208.862,1285.662,2494.524,3.03
268,Niger,Sub-Saharan Africa,114,4.628,0.138,0.774,0.366,0.318,0.102,0.188,2.742,2019,11714.461,11596.258,23310.719,18.403
269,Burkina Faso,Sub-Saharan Africa,115,4.587,0.331,1.056,0.38,0.255,0.113,0.177,2.275,2019,10147.774,10173.609,20321.383,74.274
270,Armenia,Central and Eastern Europe,116,4.559,0.85,1.055,0.815,0.283,0.064,0.095,1.397,2019,1391.269,1566.459,2957.728,103.889
271,Iran (Islamic Republic of),Middle East and Northern Africa,117,4.548,1.1,0.842,0.785,0.305,0.125,0.27,1.121,2019,41889.89,41024.003,82913.893,50.913
272,Guinea,Sub-Saharan Africa,118,4.534,0.38,0.829,0.375,0.332,0.086,0.207,2.325,2019,6166.075,6605.171,12771.246,51.975
273,Georgia,Central and Eastern Europe,119,4.519,0.886,0.666,0.752,0.346,0.164,0.043,1.662,2019,1905.743,2091.019,3996.762,57.516
274,Gambia,Sub-Saharan Africa,120,4.516,0.308,0.939,0.428,0.382,0.167,0.269,2.023,2019,1164.364,1183.332,2347.696,231.986
275,Kenya,Sub-Saharan Africa,121,4.509,0.512,0.983,0.581,0.431,0.053,0.372,1.577,2019,26122.382,26451.585,52573.967,92.374
276,Mauritania,Sub-Saharan Africa,122,4.49,0.57,1.167,0.489,0.066,0.088,0.106,2.004,2019,2271.843,2253.855,4525.698,4.391
277,Mozambique,Sub-Saharan Africa,123,4.466,0.204,0.986,0.39,0.494,0.138,0.197,2.057,2019,14745.851,15620.192,30366.043,38.615
278,Tunisia,Middle East and Northern Africa,124,4.461,0.921,1,0.815,0.167,0.055,0.059,1.444,2019,5797.98,5896.741,11694.721,75.275
279,Bangladesh,Southern Asia,125,4.456,0.562,0.928,0.723,0.527,0.143,0.166,1.407,2019,82473.791,80572.382,163046.173,1252.563
280,Iraq,Middle East and Northern Africa,126,4.437,1.043,0.98,0.574,0.241,0.089,0.148,1.362,2019,19891.814,19417.975,39309.789,90.509
281,Democratic Republic of the Congo,Sub-Saharan Africa,127,4.418,0.094,1.125,0.357,0.269,0.053,0.212,2.308,2019,43319.103,43471.465,86790.568,38.283
282,Mali,Sub-Saharan Africa,128,4.39,0.385,1.105,0.308,0.327,0.052,0.153,2.06,2019,9844.537,9813.486,19658.023,16.111
283,Sierra Leone,Sub-Saharan Africa,129,4.374,0.268,0.841,0.242,0.309,0.045,0.252,2.417,2019,3898.35,3914.857,7813.207,108.246
284,Sri Lanka,Southern Asia,130,4.366,0.949,1.265,0.831,0.47,0.047,0.244,0.56,2019,10233.415,11090.319,21323.734,340.037
285,Myanmar,Southeastern Asia,131,4.36,0.71,1.181,0.555,0.525,0.172,0.566,0.651,2019,26044.666,28000.756,54045.422,82.728
286,Chad,Sub-Saharan Africa,132,4.35,0.35,0.766,0.192,0.174,0.078,0.198,2.592,2019,7960.522,7986.36,15946.882,12.664
287,Ukraine,Central and Eastern Europe,133,4.332,0.82,1.39,0.739,0.178,0.01,0.187,1.008,2019,20379.023,23614.62,43993.643,75.94
288,Ethiopia,Sub-Saharan Africa,134,4.286,0.336,1.033,0.532,0.344,0.1,0.209,1.732,2019,56069.008,56009.719,112078.727,112.079
289,Eswatini,Sub-Saharan Africa,135,4.212,0.811,1.149,0,0.313,0.135,0.074,1.73,2019,562.79,585.343,1148.133,66.752
290,Uganda,Sub-Saharan Africa,136,4.189,0.332,1.069,0.443,0.356,0.06,0.252,1.677,2019,21807.166,22462.421,44269.587,221.558
291,Egypt,Middle East and Northern Africa,137,4.166,0.913,1.039,0.644,0.241,0.067,0.076,1.186,2019,50722.599,49665.477,100388.076,100.847
292,Zambia,Sub-Saharan Africa,138,4.107,0.578,1.058,0.426,0.431,0.087,0.247,1.28,2019,8843.214,9017.82,17861.034,24.026
293,Togo,Sub-Saharan Africa,139,4.085,0.275,0.572,0.41,0.293,0.085,0.177,2.273,2019,4020.646,4061.713,8082.359,148.6
294,India,Southern Asia,140,4.015,0.755,0.765,0.588,0.498,0.085,0.2,1.124,2019,710129.572,656288.184,1366417.756,459.58
295,Liberia,Sub-Saharan Africa,141,3.975,0.073,0.922,0.443,0.37,0.033,0.233,1.901,2019,2481.116,2456.258,4937.374,51.26
296,Comoros,Sub-Saharan Africa,142,3.973,0.274,0.757,0.505,0.142,0.078,0.275,1.942,2019,429.21,421.681,850.891,457.222
297,Madagascar,Sub-Saharan Africa,143,3.933,0.274,0.916,0.555,0.148,0.041,0.169,1.83,2019,13452.929,13516.377,26969.306,46.355
298,Lesotho,Sub-Saharan Africa,144,3.802,0.489,1.169,0.168,0.359,0.093,0.107,1.417,2019,1047.944,1077.323,2125.267,70.002
299,Burundi,Sub-Saharan Africa,145,3.775,0.046,0.447,0.38,0.22,0.18,0.176,2.326,2019,5718.988,5811.589,11530.577,449.01
300,Zimbabwe,Sub-Saharan Africa,146,3.663,0.366,1.114,0.433,0.361,0.089,0.151,1.149,2019,6983.353,7662.12,14645.473,37.858
301,Haiti,Latin America and Caribbean,147,3.597,0.323,0.688,0.449,0.026,0.11,0.419,1.582,2019,5557.596,5705.483,11263.079,408.675
302,Botswana,Sub-Saharan Africa,148,3.488,1.041,1.145,0.538,0.455,0.1,0.025,0.184,2019,1114.116,1189.587,2303.703,4.065
303,Syrian Arab Republic,Middle East and Northern Africa,149,3.462,0.619,0.378,0.44,0.013,0.141,0.331,1.54,2019,8554.55,8515.582,17070.132,92.959
304,Malawi,Sub-Saharan Africa,150,3.41,0.191,0.56,0.495,0.443,0.089,0.218,1.414,2019,9185.278,9443.471,18628.749,197.59
305,Yemen,Middle East and Northern Africa,151,3.38,0.287,1.163,0.463,0.143,0.077,0.108,1.139,2019,14692.284,14469.638,29161.922,55.234
306,Rwanda,Sub-Saharan Africa,152,3.334,0.359,0.711,0.614,0.555,0.411,0.217,0.467,2019,6206.086,6420.852,12626.938,511.834
307,United Republic of Tanzania,Sub-Saharan Africa,153,3.231,0.476,0.885,0.499,0.417,0.147,0.276,0.531,2019,28980.621,29024.84,58005.461,65.484
308,Afghanistan,Southern Asia,154,3.203,0.35,0.517,0.361,0,0.025,0.158,1.792,2019,19529.727,18512.03,38041.757,58.269
309,Central African Republic,Sub-Saharan Africa,155,3.083,0.026,0,0.105,0.225,0.035,0.235,2.457,2019,2351.973,2393.206,4745.179,7.617
310,South Sudan,Sub-Saharan Africa,156,2.853,0.306,0.575,0.295,0.01,0.091,0.202,1.374,2019,5536.53,5525.584,11062.114,18.106
311,Switzerland,Western Europe,1,7.587,1.39651,1.34951,0.94143,0.66557,0.41978,0.29678,2.51742,2015,4106.189,4190.586,8296.775,209.96
312,Iceland,Western Europe,2,7.561,1.30232,1.40223,0.94784,0.62877,0.14145,0.4363,2.70209,2015,165.685,164.552,330.237,3.294
313,Denmark,Western Europe,3,7.527,1.32548,1.36058,0.87464,0.64938,0.48357,0.34139,2.49196,2015,2828.808,2859.887,5688.695,134.072
314,Norway,Western Europe,4,7.522,1.459,1.33095,0.88521,0.66973,0.36503,0.34699,2.46509,2015,2617.868,2581.959,5199.827,14.236
315,Canada,North America,5,7.427,1.32629,1.32261,0.90563,0.63297,0.32957,0.45811,2.45182,2015,17864.138,18162.53,36026.668,3.962
316,Finland,Western Europe,6,7.406,1.29025,1.31826,0.88911,0.64169,0.41372,0.23351,2.61946,2015,2697.615,2783.513,5481.128,18.037
317,Netherlands,Western Europe,7,7.378,1.32944,1.28017,0.89284,0.61576,0.31814,0.4761,2.46555,2015,8420.387,8518.105,16938.492,502.328
318,Sweden,Western Europe,8,7.364,1.33171,1.28907,0.91087,0.6598,0.43844,0.36262,2.37149,2015,4880.856,4884.093,9764.949,23.797
319,New Zealand,Australia and New Zealand,9,7.286,1.25018,1.31967,0.90837,0.63938,0.42922,0.47501,2.26417,2015,2268.961,2345.566,4614.527,17.525
320,Australia,Australia and New Zealand,10,7.284,1.33358,1.30923,0.93156,0.65124,0.35637,0.43562,2.2664,2015,11925.355,12007.144,23932.499,3.115
321,Israel,Middle East and Northern Africa,11,7.278,1.22857,1.22393,0.91387,0.41319,0.07785,0.33172,3.08887,2015,3956.334,4022.162,7978.496,368.692
322,Costa Rica,Latin America and Caribbean,12,7.226,0.95578,1.23788,0.86027,0.63376,0.10583,0.25497,3.17751,2015,2425.53,2422.275,4847.805,94.943
323,Austria,Western Europe,13,7.2,1.33723,1.29704,0.89042,0.62433,0.18676,0.33088,2.53334,2015,4248.656,4430.011,8678.667,105.312
324,Mexico,Latin America and Caribbean,14,7.187,1.02054,0.91451,0.81444,0.48181,0.21312,0.14074,3.60184,2015,59594.171,62264.08,121858.251,62.686
325,United States of America,North America,15,7.119,1.39451,1.24711,0.86179,0.54604,0.1589,0.40105,2.5096,2015,158712.121,162166.191,320878.312,35.079
326,Brazil,Latin America and Caribbean,16,6.983,0.98124,1.23287,0.69702,0.49049,0.17521,0.14574,3.26043,2015,100657.516,103814.243,204471.759,24.464
327,Luxembourg,Western Europe,17,6.946,1.56391,1.21963,0.91894,0.61583,0.37798,0.28034,1.96937,2015,284.441,282.3,566.741,218.819
328,Ireland,Western Europe,18,6.94,1.33596,1.36948,0.89533,0.61777,0.28703,0.45901,1.97542,2015,2302.544,2349.876,4652.42,67.534
329,Belgium,Western Europe,19,6.937,1.30782,1.28566,0.89667,0.5845,0.2254,0.2225,2.41445,2015,5548.634,5739.297,11287.931,372.785
330,United Arab Emirates,Middle East and Northern Africa,20,6.901,1.42727,1.12575,0.80925,0.64157,0.38583,0.26428,2.24705,2015,6520.854,2742.042,9262.896,110.8
331,United Kingdom,Western Europe,21,6.867,1.26637,1.28548,0.90943,0.59625,0.32067,0.51912,1.96968,2015,32461.498,33398.651,65860.149,272.228
332,Oman,Middle East and Northern Africa,22,6.853,1.36011,1.08182,0.76276,0.63274,0.32524,0.21542,2.47491,2015,2782.946,1484.395,4267.341,13.788
333,Venezuela (Bolivarian Republic of),Latin America and Caribbean,23,6.81,1.04424,1.25596,0.72052,0.42908,0.11069,0.05841,3.1911,2015,14953.214,15128.613,30081.827,34.104
334,Singapore,Southeastern Asia,24,6.798,1.52186,1.02,1.02525,0.54252,0.4921,0.31105,1.88522,2015,2926.484,2665.659,5592.143,7988.776
335,Panama,Latin America and Caribbean,25,6.786,1.06353,1.1985,0.79661,0.5421,0.0927,0.24434,2.84822,2015,1990.332,1978.158,3968.49,53.383
336,Germany,Western Europe,26,6.75,1.32792,1.29937,0.89186,0.61477,0.21843,0.28214,2.11551,2015,40224.576,41562.835,81787.411,234.644
337,Chile,Latin America and Caribbean,27,6.67,1.10715,1.12447,0.85857,0.44132,0.12869,0.33363,2.67617,2015,8844.8,9124.556,17969.356,24.168
338,Qatar,Middle East and Northern Africa,28,6.611,1.69042,1.0786,0.79733,0.6404,0.52208,0.32573,1.55644,2015,1950.209,615.499,2565.708,220.991
339,France,Western Europe,29,6.575,1.27778,1.26038,0.94579,0.55011,0.20646,0.12332,2.21116,2015,31230.758,33222.436,64453.194,117.71
340,Argentina,Latin America and Caribbean,30,6.574,1.05351,1.24823,0.78723,0.44974,0.08484,0.11451,2.83594,2015,20989.15,22086.266,43075.416,15.74
341,Czechia,Central and Eastern Europe,31,6.505,1.17898,1.20643,0.84483,0.46364,0.02652,0.10686,2.67774,2015,5208.98,5392.41,10601.39,137.253
342,Uruguay,Latin America and Caribbean,32,6.485,1.06166,1.2089,0.8116,0.60362,0.24558,0.2324,2.32124,2015,1645.672,1766.341,3412.013,19.495
343,Colombia,Latin America and Caribbean,33,6.477,0.91861,1.24018,0.69077,0.53466,0.0512,0.18401,2.85757,2015,23288.781,24231.886,47520.667,42.831
344,Thailand,Southeastern Asia,34,6.455,0.9669,1.26504,0.7385,0.55664,0.03187,0.5763,2.31975,2015,33559.468,35155.051,68714.519,134.5
345,Saudi Arabia,Middle East and Northern Africa,35,6.411,1.39541,1.08393,0.72025,0.31048,0.32524,0.13706,2.43863,2015,18040.933,13676.743,31717.676,14.755
346,Spain,Western Europe,36,6.329,1.23011,1.31379,0.95562,0.45951,0.06398,0.18227,2.12372,2015,22916.241,23755.678,46671.919,93.568
347,Malta,Western Europe,37,6.302,1.2074,1.30203,0.88721,0.60365,0.13586,0.51752,1.64833,2015,216.971,216.588,433.559,1354.872
348,"China, Taiwan Province of China",Eastern Asia,38,6.298,1.29098,1.07617,0.8753,0.3974,0.08129,0.25376,2.3231,2015,11765.981,11791.492,23557.473,665.277
349,Kuwait,Middle East and Northern Africa,39,6.295,1.55422,1.16594,0.72492,0.55499,0.25609,0.16228,1.87656,2015,2255.989,1579.599,3835.588,215.241
350,Suriname,Latin America and Caribbean,40,6.269,0.99534,0.972,0.6082,0.59657,0.13633,0.16991,2.79065,2015,281.315,277.821,559.136,3.584
351,Trinidad and Tobago,Latin America and Caribbean,41,6.168,1.21183,1.18354,0.61483,0.55884,0.0114,0.31844,2.26912,2015,677.717,692.615,1370.332,267.121
352,El Salvador,Latin America and Caribbean,42,6.13,0.76454,1.02507,0.67737,0.4035,0.11776,0.10692,3.03484,2015,2974.229,3350.892,6325.121,305.266
353,Guatemala,Latin America and Caribbean,43,6.123,0.74553,1.04356,0.64425,0.57733,0.09472,0.27489,2.74272,2015,7995,8257.425,16252.425,151.665
354,Uzbekistan,Central and Eastern Europe,44,6.003,0.63244,1.34043,0.59772,0.65821,0.30826,0.22837,2.23757,2015,15406.833,15522.723,30929.556,72.707
355,Slovakia,Central and Eastern Europe,45,5.995,1.16891,1.26999,0.78902,0.31751,0.03431,0.16893,2.24633,2015,2641.214,2794.4,5435.614,113.035
356,Japan,Eastern Asia,46,5.987,1.27074,1.25712,0.99111,0.49615,0.1806,0.10705,1.68423,2015,62536.745,65448.394,127985.139,351.072
357,Republic of Korea,Eastern Asia,47,5.984,1.24461,0.95774,0.96538,0.33208,0.07857,0.18557,2.22005,2015,25466.024,25357.063,50823.087,522.71
358,Ecuador,Latin America and Caribbean,48,5.975,0.86402,0.99903,0.79075,0.48574,0.1809,0.11541,2.53915,2015,8114.959,8097.063,16212.022,65.276
359,Bahrain,Middle East and Northern Africa,49,5.96,1.32376,1.21624,0.74716,0.45492,0.306,0.17362,1.7383,2015,846.756,525.097,1371.853,1805.07
360,Italy,Western Europe,50,5.948,1.25114,1.19777,0.95446,0.26236,0.02901,0.22823,2.02503,2015,29394.123,31184.366,60578.489,205.951
361,Bolivia (Plurinational State of),Latin America and Caribbean,51,5.89,0.68133,0.97841,0.5392,0.57414,0.088,0.20536,2.82356,2015,5463.444,5406.288,10869.732,10.034
362,Republic of Moldova,Central and Eastern Europe,52,5.889,0.59448,1.01528,0.61826,0.32818,0.01615,0.20951,3.10714,2015,1956.267,2114.438,4070.705,123.918
363,Paraguay,Latin America and Caribbean,53,5.878,0.75985,1.30477,0.66098,0.53899,0.08242,0.3424,2.18859,2015,3403.641,3285.105,6688.746,16.836
364,Kazakhstan,Central and Eastern Europe,54,5.855,1.12254,1.12241,0.64368,0.51649,0.08454,0.11827,2.24707,2015,8507.888,9064.122,17572.01,6.509
365,Slovenia,Central and Eastern Europe,55,5.848,1.18498,1.27385,0.87337,0.60855,0.03787,0.25328,1.6161,2015,1029.251,1041.948,2071.199,102.84
366,Lithuania,Central and Eastern Europe,56,5.833,1.14723,1.25745,0.73128,0.21342,0.01031,0.02641,2.4469,2015,1350.137,1581.735,2931.872,46.78
367,Nicaragua,Latin America and Caribbean,57,5.828,0.59325,1.14184,0.74314,0.55475,0.19317,0.27815,2.3237,2015,3067.18,3156.054,6223.234,51.714
368,Peru,Latin America and Caribbean,58,5.824,0.90019,0.97459,0.73017,0.41496,0.05989,0.14982,2.59438,2015,15133.365,15337.374,30470.739,23.805
369,Belarus,Central and Eastern Europe,59,5.813,1.03192,1.23289,0.73608,0.37938,0.1909,0.11046,2.13137,2015,4392.411,5047.013,9439.424,46.52
370,Poland,Central and Eastern Europe,60,5.791,1.12555,1.27948,0.77903,0.53122,0.04212,0.16759,1.86601,2015,18434.8,19599.276,38034.076,124.201
371,Malaysia,Southeastern Asia,61,5.77,1.12486,1.07023,0.72394,0.53024,0.10501,0.33075,1.88497,2015,15585.167,14685.798,30270.965,92.135
372,Croatia,Central and Eastern Europe,62,5.759,1.08254,0.79624,0.78805,0.25883,0.0243,0.05444,2.7546,2015,2035.405,2197.469,4232.874,75.641
373,Libya,Middle East and Northern Africa,63,5.754,1.13145,1.11862,0.7038,0.41668,0.11023,0.18295,2.09027,2015,3248.49,3169.825,6418.315,3.648
374,Russian Federation,Central and Eastern Europe,64,5.716,1.13764,1.23617,0.66926,0.36679,0.03005,0.00199,2.2741,2015,67171.355,77813.704,144985.059,8.853
375,Jamaica,Latin America and Caribbean,65,5.709,0.81038,1.15102,0.68741,0.50442,0.02299,0.2123,2.32048,2015,1436.7,1454.324,2891.024,266.946
376,Cyprus,Western Europe,66,5.695,1.20806,1.07008,0.92356,0.49027,0.1428,0.26169,1.59854,2015,581.395,579.592,1160.987,125.648
377,Cyprus,Western Europe,67,5.689,1.20813,0.89318,0.92356,0.40672,0.06146,0.30638,1.88957,2015,581.395,579.592,1160.987,125.648
378,Algeria,Middle East and Northern Africa,68,5.605,0.93929,1.07772,0.61766,0.28579,0.17383,0.07822,2.43249,2015,20063.891,19664.129,39728.02,16.68
380,Turkmenistan,Central and Eastern Europe,70,5.548,0.95847,1.22668,0.53886,0.4761,0.30844,0.16979,1.86966,2015,2740.07,2825.213,5565.283,11.843
381,Mauritius,Sub-Saharan Africa,71,5.477,1.00761,0.98521,0.7095,0.56066,0.07521,0.37744,1.76137,2015,623.795,635.662,1259.457,620.422
382,"China, Hong Kong SAR",Eastern Asia,72,5.474,1.38604,1.05818,1.01328,0.59608,0.37124,0.39478,0.6544,2015,3333.368,3852.624,7185.992,6843.802
383,Estonia,Central and Eastern Europe,73,5.429,1.15174,1.22791,0.77361,0.44888,0.15184,0.0868,1.58822,2015,615.225,700.105,1315.33,31.029
384,Indonesia,Southeastern Asia,74,5.399,0.82827,1.08708,0.63793,0.46611,0,0.51535,1.86426,2015,130132.842,128250.415,258383.257,142.629
385,Viet Nam,Southeastern Asia,75,5.36,0.63216,0.91226,0.74676,0.59444,0.10441,0.1686,2.20137,2015,46197.466,46479.616,92677.082,298.891
386,Turkey,Middle East and Northern Africa,76,5.332,1.06098,0.94632,0.73172,0.22815,0.15746,0.12253,2.08484,2015,38650.062,39879.351,78529.413,102.035
387,Kyrgyzstan,Central and Eastern Europe,77,5.286,0.47428,1.15115,0.65088,0.43477,0.04232,0.3003,2.2323,2015,2948.492,3010.634,5959.126,31.069
388,Nigeria,Sub-Saharan Africa,78,5.268,0.65435,0.90432,0.16007,0.34334,0.0403,0.27233,2.89329,2015,91720.564,89416.89,181137.454,198.884
389,Bhutan,Southern Asia,79,5.253,0.77042,1.10395,0.57407,0.53206,0.15445,0.47998,1.63807,2015,384.018,343.867,727.885,19.096
390,Azerbaijan,Central and Eastern Europe,80,5.212,1.02389,0.93793,0.64045,0.3703,0.16065,0.07799,2.00079,2015,4788.513,4834.228,9622.741,116.416
391,Pakistan,Southern Asia,81,5.194,0.59543,0.41411,0.51466,0.12102,0.10464,0.33671,3.10743,2015,102640.691,96786.262,199426.953,258.7
392,Jordan,Middle East and Northern Africa,82,5.192,0.90198,1.05392,0.69639,0.40661,0.14293,0.11053,1.87964,2015,4693.41,4573.163,9266.573,104.377
393,Montenegro,Central and Eastern Europe,82,5.192,0.97438,0.90557,0.72521,0.1826,0.14296,0.1614,2.09988,2015,309.909,317.048,626.957,46.614
394,China,Eastern Asia,84,5.14,0.89012,0.94675,0.81658,0.51697,0.02781,0.08185,1.85992,2015,722508.006,684339.862,1406847.868,149.853
395,Zambia,Sub-Saharan Africa,85,5.129,0.47038,0.91612,0.29924,0.48827,0.12468,0.19591,2.6344,2015,7857.171,8022.199,15879.37,21.361
396,Romania,Central and Eastern Europe,86,5.124,1.04345,0.88588,0.7689,0.35068,0.00649,0.13748,1.93112,2015,9699.862,10225.32,19925.182,86.567
397,Serbia,Central and Eastern Europe,87,5.123,0.92053,1.00964,0.74836,0.20107,0.02617,0.19231,2.02492,2015,4351.072,4525.705,8876.777,101.495
398,Portugal,Western Europe,88,5.102,1.15991,1.13935,0.87519,0.51469,0.01078,0.13719,1.26489,2015,4909.968,5458.378,10368.346,113.204
399,Latvia,Central and Eastern Europe,89,5.098,1.11312,1.09562,0.72437,0.29671,0.06332,0.18226,1.6226,2015,915.727,1081.948,1997.675,32.117
400,Philippines,Southeastern Asia,90,5.073,0.70532,1.03516,0.58114,0.62545,0.12279,0.24991,1.75323,2015,51388.76,50724.446,102113.206,342.466
402,Morocco,Middle East and Northern Africa,92,5.013,0.73479,0.64095,0.60954,0.41691,0.08546,0.07172,2.45363,2015,17171.039,17492.569,34663.608,77.669
403,North Macedonia,Central and Eastern Europe,93,5.007,0.91851,1.00232,0.73545,0.33457,0.05327,0.22359,1.73929,2015,1040.4,1038.935,2079.335,82.448
404,Mozambique,Sub-Saharan Africa,94,4.971,0.08308,1.02626,0.09131,0.34037,0.15603,0.22269,3.05126,2015,13092.038,13949.963,27042.001,34.388
405,Albania,Central and Eastern Europe,95,4.959,0.87867,0.80434,0.81325,0.35733,0.06413,0.14272,1.89856,2015,1471.456,1419.068,2890.524,105.494
406,Bosnia and Herzegovina,Central and Eastern Europe,96,4.949,0.83223,0.91916,0.79081,0.09245,0.00227,0.24808,2.064,2015,1681.343,1748.019,3429.362,67.242
407,Lesotho,Sub-Saharan Africa,97,4.898,0.37545,1.04103,0.07612,0.31767,0.12504,0.16388,2.79881,2015,1011.929,1047.082,2059.011,67.82
408,Dominican Republic,Latin America and Caribbean,98,4.885,0.89537,1.17202,0.66825,0.57672,0.14234,0.21684,1.21346,2015,5147.367,5134.308,10281.675,212.783
409,Lao People's Democratic Republic,Southeastern Asia,99,4.876,0.59066,0.73803,0.54909,0.59591,0.24249,0.42192,1.7379,2015,3381.013,3360.147,6741.16,29.208
410,Mongolia,Eastern Asia,100,4.874,0.82819,1.3006,0.60268,0.43626,0.02666,0.3323,1.34731,2015,1482.075,1516.358,2998.433,1.93
411,Eswatini,Sub-Saharan Africa,101,4.867,0.71206,1.07284,0.07566,0.30658,0.0306,0.18259,2.48667,2015,532.23,571.808,1104.038,64.188
412,Greece,Western Europe,102,4.857,1.15406,0.92933,0.88213,0.07699,0.01397,0,1.80052,2015,5232.856,5426.881,10659.737,82.698
413,Lebanon,Middle East and Northern Africa,103,4.839,1.02564,0.80001,0.83947,0.33916,0.04582,0.21854,1.57036,2015,3287.82,3244.861,6532.681,638.581
414,Hungary,Central and Eastern Europe,104,4.8,1.12094,1.20215,0.75905,0.32112,0.02758,0.128,1.24116,2015,4646.716,5131.209,9777.925,108.008
415,Honduras,Latin America and Caribbean,105,4.788,0.59532,0.95348,0.6951,0.40148,0.06825,0.23027,1.8441,2015,4549.686,4563.218,9112.904,81.445
416,Tajikistan,Central and Eastern Europe,106,4.786,0.39047,0.85563,0.57379,0.47216,0.15072,0.22974,2.11349,2015,4265.336,4188.683,8454.019,60.403
417,Tunisia,Middle East and Northern Africa,107,4.739,0.88113,0.60429,0.73793,0.26268,0.06358,0.06431,2.12508,2015,5541.626,5638.325,11179.951,71.962
418,State of Palestine,Middle East and Northern Africa,108,4.715,0.59867,0.92558,0.66015,0.24499,0.12905,0.11251,2.04405,2015,2298.185,2230.975,4529.16,752.352
419,Bangladesh,Southern Asia,109,4.694,0.39753,0.43106,0.60164,0.4082,0.12569,0.21222,2.51766,2015,79217.157,77039.13,156256.287,1200.402
420,Iran (Islamic Republic of),Middle East and Northern Africa,110,4.686,1.0088,0.54447,0.69805,0.30033,0.05863,0.38086,1.69486,2015,39730.143,38762.065,78492.208,48.198
421,Ukraine,Central and Eastern Europe,111,4.681,0.79907,1.20278,0.6739,0.25123,0.02961,0.15275,1.57166,2015,20781.964,24139.672,44921.636,77.542
422,Iraq,Middle East and Northern Africa,112,4.677,0.98549,0.81889,0.60237,0,0.13788,0.17922,1.95315,2015,17983.741,17588.528,35572.269,81.903
423,South Africa,Sub-Saharan Africa,113,4.642,0.92049,1.18468,0.27688,0.33207,0.08884,0.11973,1.71931,2015,27337.004,28049.365,55386.369,45.657
424,Ghana,Sub-Saharan Africa,114,4.633,0.54558,0.67954,0.40132,0.42342,0.04355,0.23087,2.30872,2015,14104.836,13744.367,27849.203,122.393
425,Zimbabwe,Sub-Saharan Africa,115,4.61,0.271,1.03276,0.33475,0.25861,0.08079,0.18987,2.44222,2015,6568.778,7245.864,13814.642,35.711
426,Liberia,Sub-Saharan Africa,116,4.571,0.0712,0.78968,0.34201,0.28531,0.06232,0.24362,2.77686,2015,2243.64,2228.589,4472.229,46.431
427,India,Southern Asia,117,4.565,0.64499,0.38174,0.51529,0.39786,0.08492,0.26475,2.27545,2015,681223.332,628929.06,1310152.392,440.655
428,Sudan,Sub-Saharan Africa,118,4.55,0.52107,1.01404,0.36878,0.10081,0.1466,0.19062,2.20808,2015,19424.627,19478.321,38902.948,22.041
429,Haiti,Latin America and Caribbean,119,4.518,0.26673,0.74302,0.38847,0.24425,0.17175,0.46187,2.24191,2015,5279.57,5415.97,10695.54,388.082
430,Democratic Republic of the Congo,Sub-Saharan Africa,120,4.517,0,1.0012,0.09806,0.22605,0.07625,0.24834,2.8671,2015,38019.96,38224.572,76244.532,33.632
431,Nepal,Southern Asia,121,4.514,0.35997,0.86449,0.56874,0.38282,0.05907,0.32296,1.95595,2015,12397.963,14617.07,27015.033,188.455
432,Ethiopia,Sub-Saharan Africa,122,4.512,0.19073,0.60406,0.44055,0.4345,0.15048,0.24325,2.44843,2015,50408.589,50426.864,100835.453,100.835
433,Sierra Leone,Sub-Saharan Africa,123,4.507,0.33024,0.95571,0,0.4084,0.08786,0.21488,2.50991,2015,3573.849,3598.06,7171.909,99.361
434,Mauritania,Sub-Saharan Africa,124,4.436,0.45407,0.86908,0.35874,0.24232,0.17461,0.219,2.11818,2015,2027.548,2018.756,4046.304,3.926
435,Kenya,Sub-Saharan Africa,125,4.419,0.36471,0.99876,0.41435,0.42215,0.05839,0.37542,1.78522,2015,23782.609,24095.73,47878.339,84.124
436,Djibouti,Sub-Saharan Africa,126,4.369,0.44025,0.59207,0.36291,0.46074,0.28105,0.18093,2.05105,2015,483.117,430.881,913.998,39.43
437,Armenia,Central and Eastern Europe,127,4.35,0.76821,0.77711,0.7299,0.19847,0.039,0.07855,1.75876,2015,1375.333,1550.226,2925.559,102.759
438,Botswana,Sub-Saharan Africa,128,4.332,0.99355,1.10464,0.04776,0.49495,0.12474,0.10461,1.46175,2015,1021.216,1099.5,2120.716,3.742
439,Myanmar,Southeastern Asia,129,4.307,0.27108,0.70905,0.48246,0.44017,0.19034,0.79588,1.41802,2015,25391.577,27289.147,52680.724,80.639
440,Georgia,Central and Eastern Europe,130,4.297,0.7419,0.38562,0.72926,0.40577,0.38331,0.05547,1.59567,2015,1921.748,2102.432,4024.18,57.91
441,Malawi,Sub-Saharan Africa,131,4.292,0.01604,0.41134,0.22562,0.43054,0.06977,0.33128,2.80741,2015,8250.134,8495.171,16745.305,177.612
442,Sri Lanka,Southern Asia,132,4.271,0.83524,1.01905,0.70806,0.53726,0.09179,0.40828,0.67132,2015,10077.662,10830.362,20908.024,333.408
443,Cameroon,Sub-Saharan Africa,133,4.252,0.4225,0.88767,0.23402,0.49309,0.05786,0.20618,1.95068,2015,11640.88,11657.496,23298.376,49.287
444,Bulgaria,Central and Eastern Europe,134,4.218,1.01216,1.10614,0.76649,0.30587,0.00872,0.11921,0.89941,2015,3501.634,3698.105,7199.739,66.32
445,Egypt,Middle East and Northern Africa,135,4.194,0.8818,0.747,0.61712,0.17288,0.06324,0.11291,1.59905,2015,46717.678,45724.871,92442.549,92.865
446,Yemen,Middle East and Northern Africa,136,4.077,0.54649,0.68093,0.40064,0.35571,0.07854,0.09131,1.92338,2015,13356.196,13141.685,26497.881,50.188
447,Angola,Sub-Saharan Africa,137,4.033,0.75778,0.8604,0.16683,0.10384,0.07122,0.12344,1.94949,2015,13791.244,14093.136,27884.38,22.367
448,Mali,Sub-Saharan Africa,138,3.995,0.26074,1.03526,0.20583,0.38857,0.12352,0.18798,1.7931,2015,8720.125,8718.647,17438.772,14.292
449,Congo,Sub-Saharan Africa,139,3.989,0.67866,0.6629,0.31051,0.41466,0.11686,0.12388,1.68153,2015,2422.571,2433.522,4856.093,14.22
450,Comoros,Sub-Saharan Africa,140,3.956,0.23906,0.79273,0.36315,0.22917,0.199,0.17441,1.95848,2015,392.089,385.346,777.435,417.751
451,Uganda,Sub-Saharan Africa,141,3.931,0.21102,1.13299,0.33861,0.45727,0.07267,0.29066,1.42778,2015,18775.708,19449.739,38225.447,191.309
452,Senegal,Sub-Saharan Africa,142,3.904,0.36498,0.97619,0.4354,0.36772,0.10713,0.20843,1.44415,2015,7089.488,7488.962,14578.45,75.72
453,Gabon,Sub-Saharan Africa,143,3.896,1.06024,0.90528,0.43372,0.31914,0.11091,0.06822,0.99849,2015,991.831,955.859,1947.69,7.559
454,Niger,Sub-Saharan Africa,144,3.845,0.0694,0.77265,0.29707,0.47692,0.15639,0.19387,1.8787,2015,10029.627,9972.036,20001.663,15.79
455,Cambodia,Southeastern Asia,145,3.819,0.46038,0.62736,0.61114,0.66246,0.07247,0.40359,0.9816,2015,7570.441,7950.994,15521.435,87.93
456,United Republic of Tanzania,Sub-Saharan Africa,146,3.781,0.2852,1.00268,0.38215,0.32878,0.05747,0.34377,1.38095,2015,25696.138,25786.5,51482.638,58.12
457,Madagascar,Sub-Saharan Africa,147,3.681,0.20824,0.66801,0.46721,0.19184,0.08124,0.21333,1.85113,2015,12081.791,12152.289,24234.08,41.654
458,Central African Republic,Sub-Saharan Africa,148,3.678,0.0785,0,0.06699,0.48879,0.08289,0.23835,2.72248,2015,2226.565,2266.606,4493.171,7.212
459,Chad,Sub-Saharan Africa,149,3.667,0.34193,0.76062,0.1501,0.23501,0.05269,0.18386,1.94279,2015,7041.734,7069.237,14110.971,11.206
460,Guinea,Sub-Saharan Africa,150,3.656,0.17417,0.46475,0.24009,0.37725,0.12139,0.28657,1.99178,2015,5474.968,5957.128,11432.096,46.525
461,Côte d'Ivoire,Sub-Saharan Africa,151,3.655,0.46534,0.77115,0.15185,0.46866,0.17922,0.20165,1.41713,2015,11747.319,11478.829,23226.148,73.038
462,Burkina Faso,Sub-Saharan Africa,152,3.587,0.25812,0.85188,0.27125,0.39493,0.12832,0.21747,1.46503,2015,9018.772,9091.844,18110.616,66.194
463,Afghanistan,Southern Asia,153,3.575,0.31982,0.30285,0.30335,0.23414,0.09719,0.3651,1.95255,2015,17686.166,16727.437,34413.603,52.712
464,Rwanda,Sub-Saharan Africa,154,3.465,0.22208,0.7737,0.42864,0.59201,0.55191,0.22628,0.67038,2015,5582.648,5786.418,11369.066,460.846
465,Benin,Sub-Saharan Africa,155,3.34,0.28665,0.35386,0.3191,0.4845,0.0801,0.1826,1.63319,2015,5270.132,5305.83,10575.962,93.792
466,Syrian Arab Republic,Middle East and Northern Africa,156,3.006,0.6632,0.47489,0.72193,0.15684,0.18906,0.47179,0.32829,2015,9065.978,8931.433,17997.411,98.009
467,Burundi,Sub-Saharan Africa,157,2.905,0.0153,0.41587,0.22396,0.1185,0.10062,0.19727,1.83348,2015,5030.735,5129.299,10160.034,395.64
468,Togo,Sub-Saharan Africa,158,2.839,0.20868,0.13995,0.28443,0.36453,0.10731,0.16681,1.56729,2015,3638.658,3684.504,7323.162,134.642
469,Denmark,Western Europe,1,7.526,1.44178,1.16374,0.79504,0.57941,0.44453,0.36171,2.73979,2016,2840.401,2870.945,5711.346,134.606
470,Switzerland,Western Europe,2,7.509,1.52733,1.14524,0.86303,0.58557,0.41203,0.28083,2.69497,2016,4150.103,4229.812,8379.915,212.064
471,Iceland,Western Europe,3,7.501,1.42666,1.18326,0.86733,0.56624,0.14975,0.47678,2.83098,2016,166.644,165.565,332.209,3.314
472,Norway,Western Europe,4,7.498,1.57744,1.1269,0.79579,0.59609,0.35776,0.37895,2.66507,2016,2646.258,2604.692,5250.95,14.376
473,Finland,Western Europe,5,7.413,1.40598,1.13464,0.81091,0.57104,0.41004,0.25492,2.82547,2016,2707.044,2790.67,5497.714,18.091
474,Canada,North America,6,7.404,1.44015,1.0961,0.8276,0.5737,0.31329,0.44834,2.70482,2016,18042.095,18340.847,36382.942,4.001
475,Netherlands,Western Europe,7,7.339,1.46468,1.02912,0.81231,0.55211,0.29927,0.47416,2.70735,2016,8444.976,8536.309,16981.285,503.597
476,New Zealand,Australia and New Zealand,8,7.334,1.36066,1.17278,0.83096,0.58147,0.41904,0.49401,2.47508,2016,2291.016,2368.249,4659.265,17.695
477,Australia,Australia and New Zealand,9,7.313,1.44443,1.10476,0.8512,0.56837,0.32331,0.47407,2.54686,2016,12085.384,12177.326,24262.71,3.158
478,Sweden,Western Europe,10,7.291,1.45181,1.08764,0.83121,0.58218,0.40867,0.38254,2.54695,2016,4918.962,4917.041,9836.003,23.97
479,Israel,Middle East and Northern Africa,11,7.267,1.33766,0.99537,0.84917,0.36432,0.08728,0.32288,3.31032,2016,4024.28,4084.704,8108.984,374.722
480,Austria,Western Europe,12,7.119,1.45038,1.08383,0.80565,0.54355,0.21348,0.32865,2.69346,2016,4288.096,4459.21,8747.306,106.145
481,United States of America,North America,13,7.104,1.50796,1.04782,0.779,0.48163,0.14868,0.41077,2.72814,2016,159798.231,163217.761,323015.992,35.312
482,Costa Rica,Latin America and Caribbean,14,7.087,1.06879,1.02152,0.76146,0.55225,0.10547,0.22553,3.35198,2016,2450.639,2448.697,4899.336,95.953
483,Puerto Rico,Latin America and Caribbean,15,7.039,1.35943,1.08113,0.77758,0.46823,0.12275,0.22202,3.00786,2016,1567.875,1715.246,3283.121,370.138
484,Germany,Western Europe,16,6.994,1.44787,1.09774,0.81487,0.53466,0.28551,0.30452,2.50883,2016,40464.282,41729.488,82193.77,235.81
485,Brazil,Latin America and Caribbean,17,6.952,1.08754,1.03938,0.61415,0.40425,0.14166,0.15776,3.50726,2016,101450.192,104712.864,206163.056,24.666
486,Belgium,Western Europe,18,6.929,1.42539,1.05249,0.81959,0.51354,0.26248,0.2424,2.61311,2016,5588.791,5765.616,11354.407,374.98
487,Ireland,Western Europe,19,6.907,1.48341,1.16157,0.81455,0.54008,0.29754,0.44963,2.16022,2016,2324.524,2371.266,4695.79,68.164
488,Luxembourg,Western Europe,20,6.871,1.69752,1.03999,0.84542,0.5487,0.35329,0.27571,2.11037,2016,291.292,287.974,579.266,223.655
489,Mexico,Latin America and Caribbean,21,6.778,1.11508,0.7146,0.71143,0.37709,0.18355,0.11735,3.5589,2016,60315.359,63018.02,123333.379,63.445
490,Singapore,Southeastern Asia,22,6.739,1.64555,0.86758,0.94719,0.4877,0.46987,0.32706,1.99405,2016,2958.818,2694.807,5653.625,8076.607
491,United Kingdom,Western Europe,23,6.725,1.40283,1.08672,0.80991,0.50036,0.27399,0.50156,2.14963,2016,32695.427,33602.517,66297.944,274.038
492,Chile,Latin America and Caribbean,24,6.705,1.2167,0.90587,0.81883,0.37789,0.11451,0.31595,2.95525,2016,8965.258,9243.814,18209.072,24.49
493,Panama,Latin America and Caribbean,25,6.701,1.18306,0.98912,0.70835,0.48927,0.08423,0.2418,3.00517,2016,2023.943,2013.13,4037.073,54.306
494,Argentina,Latin America and Caribbean,26,6.65,1.15137,1.06612,0.69711,0.42284,0.07296,0.10989,3.12971,2016,21205.599,22302.86,43508.459,15.898
495,Czechia,Central and Eastern Europe,27,6.596,1.30915,1.00793,0.76376,0.41418,0.03986,0.09929,2.96183,2016,5219.039,5399.829,10618.868,137.479
496,United Arab Emirates,Middle East and Northern Africa,28,6.573,1.57352,0.87114,0.72993,0.56215,0.35561,0.26591,2.21474,2016,6537.834,2823.141,9360.975,111.973
497,Uruguay,Latin America and Caribbean,29,6.545,1.18157,1.03143,0.72183,0.54388,0.21394,0.18056,2.67179,2016,1652.003,1772.136,3424.139,19.564
498,Malta,Western Europe,30,6.488,1.30782,1.09879,0.80315,0.54994,0.17554,0.56237,1.99039,2016,218.439,217.66,436.099,1362.809
499,Colombia,Latin America and Caribbean,31,6.481,1.03032,1.02169,0.59659,0.44735,0.05399,0.15626,3.1748,2016,23618.154,24556.894,48175.048,43.421
500,France,Western Europe,32,6.478,1.39488,1.00508,0.83795,0.46562,0.17808,0.1216,2.47479,2016,31328.637,33338.953,64667.59,118.102
501,Thailand,Southeastern Asia,33,6.474,1.0893,1.04477,0.64915,0.49553,0.02833,0.58696,2.57996,2016,33660.401,35310.912,68971.313,135.002
502,Saudi Arabia,Middle East and Northern Africa,34,6.379,1.48953,0.84829,0.59267,0.37904,0.30008,0.15457,2.61482,2016,18521.33,13922.113,32443.443,15.092
503,"China, Taiwan Province of China",Eastern Asia,34,6.379,1.39729,0.92624,0.79565,0.32377,0.0663,0.25495,2.6148,2016,11783.073,11835.128,23618.201,666.992
504,Qatar,Middle East and Northern Africa,36,6.375,1.82427,0.87964,0.71723,0.56679,0.48049,0.32388,1.5827,2016,2012.92,641.459,2654.379,228.629
505,Spain,Western Europe,37,6.361,1.34253,1.12945,0.87896,0.37545,0.06137,0.17665,2.39659,2016,22887.826,23746.305,46634.131,93.493
506,Algeria,Middle East and Northern Africa,38,6.355,1.05266,0.83309,0.61804,0.21006,0.16157,0.07044,3.40914,2016,20481.901,20069.497,40551.398,17.026
507,Guatemala,Latin America and Caribbean,39,6.324,0.83454,0.87119,0.54039,0.50379,0.08701,0.28808,3.199,2016,8160.28,8422.799,16583.079,154.751
508,Suriname,Latin America and Caribbean,40,6.269,1.09686,0.77866,0.50933,0.52234,0.12692,0.16665,3.06824,2016,284.15,280.733,564.883,3.621
509,Kuwait,Middle East and Northern Africa,41,6.239,1.61714,0.87758,0.63569,0.43166,0.23669,0.15965,2.28059,2016,2346.661,1610.201,3956.862,222.046
510,Bahrain,Middle East and Northern Africa,42,6.218,1.44024,0.94397,0.65696,0.47375,0.25772,0.17147,2.27389,2016,886.938,538.855,1425.793,1876.043
511,Trinidad and Tobago,Latin America and Caribbean,43,6.168,1.32572,0.98569,0.52608,0.48453,0.01241,0.31935,2.51422,2016,681.087,696.476,1377.563,268.531
512,Venezuela (Bolivarian Republic of),Latin America and Caribbean,44,6.084,1.13367,1.03302,0.61904,0.19847,0.08304,0.0425,2.97426,2016,14810.707,15040.542,29851.249,33.843
513,Slovakia,Central and Eastern Europe,45,6.078,1.27973,1.08268,0.70367,0.23391,0.02947,0.13837,2.61017,2016,2645.577,2796.424,5442.001,113.168
514,El Salvador,Latin America and Caribbean,46,6.068,0.8737,0.80975,0.596,0.37269,0.10613,0.08877,3.22096,2016,2985.69,3370.447,6356.137,306.763
515,Malaysia,Southeastern Asia,47,6.005,1.25142,0.88025,0.62366,0.39031,0.09081,0.41474,2.35381,2016,15790.718,14893.934,30684.652,93.394
516,Nicaragua,Latin America and Caribbean,48,5.992,0.69384,0.89521,0.65213,0.46582,0.16292,0.29773,2.82435,2016,3107.13,3196.84,6303.97,52.385
517,Uzbekistan,Central and Eastern Europe,49,5.987,0.73591,1.1681,0.50163,0.60848,0.28333,0.34326,2.34629,2016,15667.332,15774.421,31441.753,73.911
518,Italy,Western Europe,50,5.977,1.35495,1.04167,0.85102,0.18827,0.02556,0.16684,2.34869,2016,29456.255,31206.813,60663.068,206.239
519,Ecuador,Latin America and Caribbean,51,5.976,0.97306,0.85974,0.68613,0.4027,0.18037,0.10074,2.77326,2016,8253.234,8237.882,16491.116,66.4
520,Belize,Latin America and Caribbean,52,5.956,0.87616,0.68655,0.45569,0.51231,0.10771,0.23684,3.08074,2016,183.752,184.647,368.399,16.151
521,Japan,Eastern Asia,53,5.921,1.38007,1.06054,0.91491,0.46761,0.18985,0.10224,1.80578,2016,62418.618,65344.649,127763.267,350.464
522,Kazakhstan,Central and Eastern Europe,54,5.919,1.22943,0.95544,0.57386,0.4052,0.11132,0.15011,2.49364,2016,8637.067,9193.835,17830.902,6.605
523,Republic of Moldova,Central and Eastern Europe,55,5.897,0.69177,0.83132,0.52309,0.25202,0.01903,0.19997,3.3798,2016,1952.97,2113.043,4066.013,123.775
524,Russian Federation,Central and Eastern Europe,56,5.856,1.23228,1.05261,0.58991,0.32682,0.03586,0.02736,2.59116,2016,67306.592,77968.782,145275.374,8.871
525,Poland,Central and Eastern Europe,57,5.835,1.24585,1.04685,0.69058,0.4519,0.055,0.14443,2.20039,2016,18416.245,19572.973,37989.218,124.055
526,Republic of Korea,Eastern Asia,57,5.835,1.35948,0.72194,0.88645,0.25168,0.07716,0.18824,2.35005,2016,25543.759,25439.687,50983.446,524.359
527,Bolivia (Plurinational State of),Latin America and Caribbean,59,5.822,0.79422,0.83779,0.4697,0.50961,0.07746,0.21698,2.91624,2016,5543.317,5488.505,11031.822,10.184
528,Lithuania,Central and Eastern Europe,60,5.813,1.2692,1.06411,0.64674,0.18929,0.0182,0.02025,2.60521,2016,1331.949,1557.606,2889.555,46.105
529,Belarus,Central and Eastern Europe,61,5.802,1.13062,1.04993,0.63104,0.29091,0.17457,0.13942,2.38551,2016,4395.949,5049.689,9445.638,46.551
530,Cyprus,Western Europe,62,5.771,1.31141,0.81826,0.84142,0.43596,0.16578,0.26322,1.93495,2016,586.03,584.159,1170.189,126.644
531,Slovenia,Central and Eastern Europe,63,5.768,1.29947,1.05613,0.79151,0.53164,0.03635,0.25738,1.79552,2016,1031.12,1043.085,2074.205,102.989
532,Peru,Latin America and Caribbean,64,5.743,0.99602,0.81255,0.62994,0.37502,0.05292,0.14527,2.73128,2016,15355.661,15570.375,30926.036,24.161
533,Turkmenistan,Central and Eastern Europe,65,5.658,1.08017,1.03817,0.44006,0.37408,0.28467,0.22567,2.21518,2016,2788.087,2874.284,5662.371,12.049
534,Mauritius,Sub-Saharan Africa,66,5.648,1.14372,0.75695,0.66189,0.46145,0.05203,0.36951,2.20245,2016,624.628,637.242,1261.87,621.611
535,Libya,Middle East and Northern Africa,67,5.615,1.06688,0.95076,0.52304,0.40672,0.10339,0.17087,2.39334,2016,3282.817,3209.343,6492.16,3.69
536,Latvia,Central and Eastern Europe,68,5.56,1.21788,0.95025,0.63952,0.27996,0.0889,0.17445,2.20904,2016,905.794,1068.471,1974.265,31.741
537,Cyprus,Western Europe,69,5.546,1.31857,0.70697,0.8488,0.29507,0.05228,0.27906,2.04525,2016,586.03,584.159,1170.189,126.644
538,Paraguay,Latin America and Caribbean,70,5.538,0.89373,1.11111,0.58295,0.46235,0.07396,0.25296,2.16094,2016,3448.402,3329.476,6777.878,17.06
539,Romania,Central and Eastern Europe,71,5.528,1.1697,0.72803,0.67602,0.36712,0.00679,0.12889,2.45145,2016,9637.88,10158.4,19796.28,86.007
540,Estonia,Central and Eastern Europe,72,5.517,1.27964,1.05163,0.68098,0.41511,0.18519,0.08423,1.82022,2016,617.146,699.361,1316.507,31.057
541,Jamaica,Latin America and Caribbean,73,5.51,0.89333,0.96372,0.59469,0.43597,0.04294,0.22245,2.3569,2016,1443.917,1462.325,2906.242,268.351
542,Croatia,Central and Eastern Europe,74,5.488,1.18649,0.60809,0.70524,0.23907,0.04002,0.18434,2.52475,2016,2024.136,2184.475,4208.611,75.207
543,"China, Hong Kong SAR",Eastern Asia,75,5.458,1.5107,0.87021,0.95277,0.48079,0.31647,0.40097,0.92609,2016,3352.028,3891.513,7243.541,6898.61
544,Somalia,Sub-Saharan Africa,76,5.44,0,0.33613,0.11466,0.56778,0.3118,0.27225,3.83738,2016,7075.493,7110.142,14185.635,22.612
546,Turkey,Middle East and Northern Africa,78,5.389,1.16492,0.87717,0.64718,0.23889,0.12348,0.04707,2.29029,2016,39313.518,40514.35,79827.868,103.722
547,Indonesia,Southeastern Asia,79,5.314,0.95104,0.87625,0.49374,0.39237,0.00322,0.56521,2.03217,2016,131720.864,129835.522,261556.386,144.381
548,Jordan,Middle East and Northern Africa,80,5.303,0.99673,0.86216,0.60712,0.36023,0.13297,0.14262,2.20117,2016,4836.733,4717.553,9554.286,107.618
549,Azerbaijan,Central and Eastern Europe,81,5.291,1.12373,0.76042,0.54504,0.35327,0.17914,0.0564,2.273,2016,4848.931,4887.11,9736.041,117.787
550,Philippines,Southeastern Asia,82,5.279,0.81217,0.87877,0.47036,0.54854,0.11757,0.21674,2.23485,2016,52143.341,51520.471,103663.812,347.667
551,China,Eastern Asia,83,5.245,1.0278,0.79381,0.73561,0.44012,0.02745,0.04959,2.17062,2016,726052.413,687996.94,1414049.353,150.62
552,Bhutan,Southern Asia,84,5.196,0.8527,0.90836,0.49759,0.46074,0.1616,0.48546,1.82955,2016,389.21,347.496,736.706,19.327
553,Kyrgyzstan,Central and Eastern Europe,85,5.185,0.56044,0.95434,0.55449,0.40212,0.04762,0.38432,2.28167,2016,3005.717,3068.61,6074.327,31.67
554,Serbia,Central and Eastern Europe,86,5.177,1.03437,0.81329,0.6458,0.15718,0.04339,0.20737,2.2756,2016,4339.481,4514.482,8853.963,101.234
555,Bosnia and Herzegovina,Central and Eastern Europe,87,5.163,0.93383,0.64367,0.70766,0.09511,0,0.29889,2.48384,2016,1659.723,1726.54,3386.263,66.397
556,Montenegro,Central and Eastern Europe,88,5.161,1.07838,0.74173,0.63533,0.15111,0.12721,0.17191,2.25533,2016,310.093,317.178,627.271,46.637
557,Dominican Republic,Latin America and Caribbean,89,5.155,1.02787,0.99496,0.57669,0.52259,0.12372,0.21286,1.69631,2016,5202.94,5194.798,10397.738,215.185
558,Morocco,Middle East and Northern Africa,90,5.151,0.84058,0.38595,0.59471,0.25646,0.08404,0.04053,2.94873,2016,17410.483,17715.791,35126.274,78.706
559,Hungary,Central and Eastern Europe,91,5.145,1.24142,0.93164,0.67608,0.1977,0.04472,0.099,1.95444,2016,4636.375,5116.595,9752.97,107.732
560,Pakistan,Southern Asia,92,5.132,0.68816,0.26135,0.40306,0.14622,0.1388,0.31185,3.18256,2016,104797.415,98833.941,203631.356,264.154
561,Lebanon,Middle East and Northern Africa,93,5.129,1.12268,0.64184,0.76171,0.26228,0.03061,0.23693,2.07295,2016,3377.146,3337.135,6714.281,656.332
562,Portugal,Western Europe,94,5.123,1.27607,0.94367,0.79363,0.44727,0.01521,0.11691,1.53024,2016,4885.027,5440.513,10325.54,112.737
563,North Macedonia,Central and Eastern Europe,95,5.121,1.0193,0.78236,0.64738,0.27668,0.07047,0.23507,2.08974,2016,1041.178,1039.568,2080.746,82.504
564,Viet Nam,Southeastern Asia,96,5.061,0.74037,0.79117,0.66157,0.55954,0.11556,0.25075,1.94204,2016,46696.272,46944.163,93640.435,301.998
566,Tunisia,Middle East and Northern Africa,98,5.045,0.97724,0.43165,0.59577,0.23553,0.0817,0.03936,2.68375,2016,5601.121,5702.821,11303.942,72.76
567,Greece,Western Europe,99,5.033,1.24886,0.75473,0.80029,0.05822,0.04127,0,2.12963,2016,5210.972,5404.211,10615.183,82.352
568,Tajikistan,Central and Eastern Europe,100,4.996,0.48835,0.75602,0.53119,0.43408,0.13509,0.25998,2.39129,2016,4370.133,4293.442,8663.575,61.9
569,Mongolia,Eastern Asia,101,4.907,0.98853,1.08983,0.55469,0.35972,0.03285,0.34539,1.53599,2016,1509.7,1546.658,3056.358,1.967
570,Lao People's Democratic Republic,Southeastern Asia,102,4.876,0.68042,0.5497,0.38291,0.52168,0.22423,0.43079,2.08627,2016,3436.67,3409.178,6845.848,29.661
571,Nigeria,Sub-Saharan Africa,103,4.875,0.75216,0.64498,0.05108,0.27854,0.0305,0.23219,2.88555,2016,94181.382,91778.862,185960.244,204.179
572,Honduras,Latin America and Caribbean,104,4.871,0.69429,0.75596,0.58383,0.26755,0.06906,0.2044,2.29591,2016,4629.297,4641.497,9270.794,82.856
573,Iran (Islamic Republic of),Middle East and Northern Africa,105,4.813,1.11758,0.38857,0.64232,0.22544,0.0557,0.38538,1.99801,2016,40274.534,39289.457,79563.991,48.856
574,Zambia,Sub-Saharan Africa,106,4.795,0.61202,0.6376,0.23573,0.42662,0.11479,0.17866,2.58958,2016,8098.763,8264.686,16363.449,22.012
575,Nepal,Southern Asia,107,4.793,0.44626,0.69699,0.50073,0.37012,0.07008,0.3816,2.32722,2016,12423.456,14839.974,27263.43,190.188
576,State of Palestine,Middle East and Northern Africa,108,4.754,0.67024,0.71629,0.56844,0.17744,0.10613,0.11154,2.40392,2016,2352.012,2283.632,4635.644,770.041
577,Albania,Central and Eastern Europe,109,4.655,0.9553,0.50163,0.73007,0.31866,0.05301,0.1684,1.92793,2016,1470.548,1415.879,2886.427,105.344
578,Bangladesh,Southern Asia,110,4.643,0.54177,0.24749,0.52989,0.39778,0.12583,0.19132,2.60892,2016,80048.91,77928.241,157977.151,1213.622
579,Sierra Leone,Sub-Saharan Africa,111,4.635,0.36485,0.628,0,0.30685,0.08196,0.23897,3.01437,2016,3653.177,3675.669,7328.846,101.536
580,Iraq,Middle East and Northern Africa,112,4.575,1.07474,0.59205,0.51076,0.24856,0.13636,0.19589,1.81664,2016,18512.965,18097.667,36610.632,84.294
581,Namibia,Sub-Saharan Africa,113,4.574,0.93287,0.70362,0.34745,0.48614,0.10398,0.07795,1.92199,2016,1141.681,1216.363,2358.044,2.864
582,Cameroon,Sub-Saharan Africa,114,4.513,0.52497,0.62542,0.12698,0.42736,0.06126,0.2268,2.52021,2016,11957.213,11969.336,23926.549,50.616
583,Ethiopia,Sub-Saharan Africa,115,4.508,0.29283,0.37932,0.34578,0.36703,0.1717,0.29522,2.65612,2016,51805.857,51797.604,103603.461,103.603
584,South Africa,Sub-Saharan Africa,116,4.459,1.02416,0.96053,0.18611,0.42483,0.08415,0.13656,1.64266,2016,27735.713,28471.936,56207.649,46.334
585,Sri Lanka,Southern Asia,117,4.415,0.97318,0.84783,0.62007,0.50817,0.07964,0.46978,0.91633,2016,10118.294,10902.883,21021.177,335.213
586,India,Southern Asia,118,4.404,0.74036,0.29247,0.45091,0.40285,0.08722,0.25028,2.17991,2016,688604.687,635912.563,1324517.25,445.487
587,Myanmar,Southeastern Asia,119,4.395,0.34112,0.69981,0.3988,0.42692,0.20243,0.81971,1.50621,2016,25566.371,27478.828,53045.199,81.197
588,Egypt,Middle East and Northern Africa,120,4.362,0.95395,0.49813,0.52116,0.18847,0.10393,0.12706,1.9693,2016,47729.77,46717.301,94447.071,94.879
589,Armenia,Central and Eastern Europe,121,4.36,0.86086,0.62477,0.64083,0.14037,0.03616,0.07793,1.97908,2016,1381.014,1555.133,2936.147,103.131
590,Kenya,Sub-Saharan Africa,122,4.356,0.52267,0.7624,0.30147,0.40576,0.06686,0.41328,1.88356,2016,24367.251,24684.28,49051.531,86.185
591,Ukraine,Central and Eastern Europe,123,4.324,0.87287,1.01413,0.58628,0.12859,0.01829,0.20363,1.50021,2016,20695.238,24018.47,44713.708,77.183
592,Ghana,Sub-Saharan Africa,124,4.276,0.63107,0.49353,0.29681,0.40973,0.0326,0.21203,2.20023,2016,14428.231,14053.716,28481.947,125.173
593,Democratic Republic of the Congo,Sub-Saharan Africa,125,4.272,0.05661,0.80676,0.188,0.15602,0.06075,0.25458,2.74928,2016,39299.343,39489.787,78789.13,34.754
594,Georgia,Central and Eastern Europe,126,4.252,0.83792,0.19249,0.64035,0.32461,0.3188,0.06786,1.86997,2016,1917.421,2098.036,4015.457,57.785
595,Congo,Sub-Saharan Africa,127,4.236,0.77109,0.47799,0.28212,0.37938,0.09753,0.12077,2.10712,2016,2485.795,2495.201,4980.996,14.586
596,Senegal,Sub-Saharan Africa,128,4.219,0.44314,0.77416,0.40457,0.31056,0.11681,0.19103,1.97873,2016,7294.613,7698.901,14993.514,77.876
597,Bulgaria,Central and Eastern Europe,129,4.217,1.11306,0.92542,0.67806,0.21219,0.00615,0.12793,1.15419,2016,3477.208,3674.74,7151.948,65.88
598,Mauritania,Sub-Saharan Africa,130,4.201,0.61391,0.84142,0.28639,0.1268,0.17955,0.22686,1.92607,2016,2087.25,2076.282,4163.532,4.04
599,Zimbabwe,Sub-Saharan Africa,131,4.193,0.35041,0.71478,0.1595,0.25429,0.08582,0.18503,2.44317,2016,6674.206,7356.132,14030.338,36.268
600,Malawi,Sub-Saharan Africa,132,4.156,0.08709,0.147,0.29364,0.4143,0.07564,0.30968,2.82865,2016,8478.682,8726.571,17205.253,182.491
601,Sudan,Sub-Saharan Africa,133,4.139,0.63069,0.81928,0.29759,0,0.10039,0.18077,2.11028,2016,19900.23,19947.203,39847.433,22.576
602,Gabon,Sub-Saharan Africa,134,4.121,1.15851,0.72368,0.3494,0.28098,0.09314,0.06244,1.45285,2016,1022.809,985.073,2007.882,7.792
603,Mali,Sub-Saharan Africa,135,4.073,0.31292,0.86333,0.16347,0.27544,0.13647,0.21064,2.11073,2016,8986.333,8979.115,17965.448,14.723
604,Haiti,Latin America and Caribbean,136,4.028,0.34097,0.29561,0.27494,0.12072,0.14476,0.47958,2.37142,2016,5350.621,5489.355,10839.976,393.323
605,Botswana,Sub-Saharan Africa,137,3.974,1.09426,0.89186,0.34752,0.44089,0.10769,0.12425,0.96753,2016,1039.714,1120.211,2159.925,3.811
606,Comoros,Sub-Saharan Africa,138,3.956,0.27509,0.60323,0.29981,0.15412,0.18437,0.1827,2.25668,2016,401.274,394.323,795.597,427.51
607,Côte d'Ivoire,Sub-Saharan Africa,139,3.916,0.55507,0.57576,0.04476,0.40663,0.1553,0.20338,1.9751,2016,12041.04,11781.686,23822.726,74.914
608,Cambodia,Southeastern Asia,140,3.907,0.55604,0.5375,0.42494,0.58852,0.08092,0.40339,1.31569,2016,7691.291,8074.999,15766.29,89.317
609,Angola,Sub-Saharan Africa,141,3.866,0.84731,0.66366,0.04991,0.00589,0.08434,0.12071,2.09418,2016,14266.355,14576.127,28842.482,23.135
610,Niger,Sub-Saharan Africa,142,3.856,0.1327,0.6053,0.26162,0.38041,0.17176,0.2097,2.09451,2016,10430.601,10358.188,20788.789,16.412
611,South Sudan,Sub-Saharan Africa,143,3.832,0.39394,0.18519,0.15781,0.19662,0.13015,0.25899,2.5093,2016,5419.653,5412.867,10832.52,17.731
612,Chad,Sub-Saharan Africa,144,3.763,0.42214,0.63178,0.03824,0.12807,0.04952,0.18667,2.30658,2016,7267.235,7294.423,14561.658,11.564
613,Burkina Faso,Sub-Saharan Africa,145,3.739,0.31995,0.63054,0.21297,0.3337,0.12533,0.24353,1.87298,2016,9292.515,9353.835,18646.35,68.152
614,Uganda,Sub-Saharan Africa,145,3.739,0.34719,0.90981,0.19625,0.43653,0.06442,0.27102,1.51378,2016,19487.414,20161.759,39649.173,198.434
615,Yemen,Middle East and Northern Africa,147,3.724,0.57939,0.47493,0.31048,0.2287,0.05892,0.09821,1.97337,2016,13692.908,13475.302,27168.21,51.458
616,Madagascar,Sub-Saharan Africa,148,3.695,0.27954,0.46115,0.37109,0.13684,0.07506,0.2204,2.15092,2016,12412.889,12481.481,24894.37,42.789
617,United Republic of Tanzania,Sub-Saharan Africa,149,3.666,0.47155,0.77623,0.357,0.3176,0.05099,0.31472,1.37791,2016,26483.706,26565.525,53049.231,59.888
618,Liberia,Sub-Saharan Africa,150,3.622,0.10706,0.50353,0.23165,0.25748,0.04852,0.24063,2.23313,2016,2302.083,2284.705,4586.788,47.62
619,Guinea,Sub-Saharan Africa,151,3.607,0.22415,0.3109,0.18829,0.30953,0.1192,0.29914,2.15579,2016,5631.807,6106.627,11738.434,47.772
620,Rwanda,Sub-Saharan Africa,152,3.515,0.32846,0.61586,0.31865,0.5432,0.50521,0.23552,0.9681,2016,5731.38,5937.449,11668.829,472.997
621,Benin,Sub-Saharan Africa,153,3.484,0.39499,0.10419,0.21028,0.39747,0.06681,0.2018,2.10846,2016,5420.569,5451.503,10872.072,96.418
622,Afghanistan,Southern Asia,154,3.36,0.38227,0.11037,0.17344,0.1643,0.07112,0.31268,2.14582,2016,18186.994,17196.034,35383.028,54.197
623,Togo,Sub-Saharan Africa,155,3.303,0.28123,0,0.24811,0.34678,0.11587,0.17517,2.13584,2016,3732.598,3777.354,7509.952,138.076
624,Syrian Arab Republic,Middle East and Northern Africa,156,3.069,0.74719,0.14866,0.62994,0.06912,0.17233,0.48397,0.81779,2016,8789.603,8675.964,17465.567,95.113
625,Burundi,Sub-Saharan Africa,157,2.905,0.06831,0.23442,0.15747,0.0432,0.09419,0.2029,2.10451,2016,5195.257,5292.745,10488.002,408.411